name;main_category;ratings;no_of_ratings;discount_price;actual_price
Puma Unisex-Child Tacto Ii Fg/Ag Junior Football Shoe;sports & fitness;4.0;14;₹1,447;₹2,999
Shrishti Creations Women's Ankle Length Velvet Socks;sports & fitness;4.1;704;₹299;₹999
PLUMBURY Women's No-show Net Socks (Pack of 5) (PL-NOSHOWSOCKS-LACE-ASSORTED_5_Multicolored);sports & fitness;3.6;110;₹499;₹799
Nivia 1021OR Blade Machine Stitched Football;sports & fitness;3.5;158;₹474;₹569
Amazon Brand - Symactive Men's Regular Track Pants;sports & fitness;3.9;524;₹509;₹1,799
MARK LOUIIS Men's Regular Fit Track pants;sports & fitness;3.9;2,425;₹616;₹1,180
Jockey Men's Relaxed Fit Sweatpants;sports & fitness;3.9;314;;₹1,199
Jockey Men's Regular Track Pants;sports & fitness;4.0;69;₹999;₹1,699
ROL Reoutlook Men's Regular Fit Paper Cotton Cargo Lower;sports & fitness;3.1;620;;₹895
PUMA Sport Unisex Quarter Socks Pack of 3;sports & fitness;4.1;85;;₹199
FUAARK Double Layer 2 in 1 Sports Shorts with Inner Tights for Men Gym Tight Short with Pocket;sports & fitness;3.7;6;₹949;₹2,199
Allen Solly Men Cotton Hooded Neck Sweatshirt;sports & fitness;3.9;11,997;₹889;₹1,899
Alan Jones Clothing Men's Slim Solid Cotton Joggers Track Pant;sports & fitness;3.7;54;₹499;₹1,299
Veirdo Fleece Material Regular Fit Full Sleeves Hooded Neck Navy & Maroon Colorblock Winter Wear Casual Jacket Sweatshirt ...;sports & fitness;3.9;2,57;₹489;₹1,999
DBURKE Lower for Mens Lower for Mens Stylish Lower for Boys Lower for Mens Sports Men Sports Lower Sports Lower for Men;sports & fitness;3.3;106;₹472;₹1,699
VIMAL JONNEY Men's Slim Fit Polyester Blend Trackpants;sports & fitness;3.8;40;₹599;₹2,697
JUST RIDER Men's Running Full Length Tights Compression Lower Sport Leggings Gym Fitness Sportswear Training Yoga Pants fo...;sports & fitness;3.9;8;₹549;₹1,499
PUMA Lifestyle Unisex Sneaker Socks Pack of 3;sports & fitness;3.8;45;₹299;₹599
Alan Jones Clothing Boy's Cotton Hooded Neck Sweatshirt Grey;sports & fitness;4.4;236;₹549;₹1,599
Alan Jones Clothing Boy's Regular Fit Track Pants;sports & fitness;4.2;347;₹399;₹1,099
The Jaipure Store Collection Cotton Lycra Tight Fit Stretchable Cycling Shorts Womens | Shorties For Active Wear/Exercise/...;sports & fitness;3.2;204;₹195;₹499
Captain Lead to Win sleeve+03;sports & fitness;5.0;2;₹299;₹499
NIVIA Spider F.B G/Keeper Gloves Black;sports & fitness;3.6;248;;₹819
Cloth Theory Girl's Regular Track Pants;sports & fitness;3.9;451;₹179;₹899
The Modern Soul Men's Jogger Track Pant;sports & fitness;5.0;1;₹499;₹1,999
PSG Paris Football Jersey Messi 2022/23 with Shorts;sports & fitness;4.6;3;₹435;₹999
Proline Men Track Pants;sports & fitness;3.9;9;₹519;₹1,299
TEERA Classic Black and White Football with Pump and PIN Size-5 for Kids;sports & fitness;3.3;6;₹390;₹1,699
Diruno Men Track Pants;sports & fitness;3.8;434;₹474;₹1,499
VIMAL JONNEY Cotton Blend Track suit Co-ord Set For Men With Hodded Full Sleeve T-Shirt and Track Pant-VJ-MNS-TTP-GROUP18;sports & fitness;3.3;102;₹499;₹1,898
U.S. POLO ASSN. Men Lounge Bottom;sports & fitness;3.9;1,226;₹1,119;₹1,399
Veirdo Men's Camouflage Cotton Loopnet Trackpant;sports & fitness;3.4;147;₹439;₹1,999
Van Heusen Athleisure Women's Slim Track Pants;sports & fitness;4.0;372;₹1,049;₹1,299
CRUMPLED Socks Cotton Calf Length Free Size Men Women Solid Sports Socks;sports & fitness;4.2;14;₹99;₹499
Nivia Aviator 2.0 Hard Ground Futsal Shoes for Mens | TPU Sole with PVC Synthetic Leather Upper | Die Cut Soft eva Socklin...;sports & fitness;3.7;245;;₹886
Imperative Women Quick Dry Gym Yoga Workout Sports Shorts with Pocket | Outdoor Running Slim Fit Shorts for Women | Women ...;sports & fitness;4.4;4;₹399;₹999
Starvis Ankle/High Ankle Ultra Thin Transparent Net Socks for Women with Thumb(Pack of 4);sports & fitness;4.5;4;₹226;₹399
Vector X England Machine Stitched Football;sports & fitness;3.4;67;₹415;₹489
FITINC Premium Track Pant for Men | Anti Microbial | Superdry | Breathable | Stretchable | 2 YKK Zipper Pockets;sports & fitness;4.3;19;₹643;₹1,249
VIMAL JONNEY Printed Men's Regular Shorts;sports & fitness;3.7;448;₹376;₹1,099
CHKOKKO Men Sports Workout Gym Shorts Basketball;sports & fitness;4.3;90;₹359;₹1,999
Wasan Football ShinGuard - (6-14 Years);sports & fitness;3.8;19;;₹205
"GSI Agility Flat Ring 16"" for Speed Training Sports | Fitness and Gymnastics (Pack of 4)";sports & fitness;3.9;13;₹349;₹700
EYEBOGLER Mens Hooded Neck Loose Fit Cotton T-Shirt;sports & fitness;3.8;8;₹419;₹2,499
Puma Men Track Pants;sports & fitness;4.6;3;₹1,036;₹2,799
JUST RIDER Men's Running Supporter - Pack of 2;sports & fitness;3.7;163;₹299;₹999
Nivia Carbonite 5.0 Turf Football Shoes for Mens (Black) UK-11;sports & fitness;4.0;16;₹997;₹1,049
Sportyway Unisex Kids Argentina Football Jersey Set;sports & fitness;4.3;50;₹599;₹1,499
IST Sports Messi PU Football Size 5 (Black);sports & fitness;5.0;1;₹449;₹1,299
Max Women Sweatshirt;sports & fitness;4.6;3;₹349;₹599
VIMAL JONNEY Men's Regular Fit Trackpants(Pack of 2);sports & fitness;4.1;13;₹799;₹1,800
Laabha Women Black Cotton Cargo Track Pant;sports & fitness;3.6;45;₹500;₹1,999
Adidas Edge.4 FxG Football Shoe;sports & fitness;4.0;9;₹2,935;₹4,999
GYMIFICMen's Workout Set Compression Shirt and Pants Top Long Sleeve Sports Tight Base Layer Suit Quick Dry & Moisture-Wic...;sports & fitness;4.4;9;₹698;₹999
ONN Kid's Round Neck Full Sleeves Premium Thermal Top;sports & fitness;4.5;5;;₹395
Reebok Women's Relaxed Track Pants;sports & fitness;3.8;23;₹493;₹1,799
KART BLACK Plus Size Track Pants for Men | Plain Track Pant | Casual Fit Comfortable Track Pant Combo (Pack of 2);sports & fitness;5.0;1;₹849;₹1,800
Spongy Use & Throw Socks for Shoes Trial / Travel / Hospitals/ Hotels/Free size Socks for both Male & Female (Black_Mauje_...;sports & fitness;3.5;20;₹600;₹800
BALENZIA x Harry Potter Hogwarts Crest & Hogwarts Express Lowcut Socks for Women (Pack of 2)- Cream;sports & fitness;4.5;56;₹239;₹399
Van Heusen Men Tailored Synthetic Thermal Bottom;sports & fitness;3.7;95;;₹1,349
Lux Inferno Women's Cotton Thermal Top;sports & fitness;4.2;1,96;₹385;₹481
ONESPORT Women's Regular Fit Trackpants;sports & fitness;3.8;46;₹262;₹1,199
PRO Static Football Jersey PSG Messi Home Kit 2022-2023 - for Boys and men2022-23;sports & fitness;4.3;13;₹379;₹999
Alan Jones Clothing Men's Slim Fit Poly Cotton Track Pants;sports & fitness;4.0;87;₹579;₹1,499
MARK LOUIIS Men's Gym Shorts.;sports & fitness;4.0;1,737;₹474;₹899
SAN Football Jersey Portugal Ronaldo Home Kitt- for Men and Sports Jersey for Men and Boys SAN Football Team 2022-23 Age ...;sports & fitness;3.6;9;₹332;₹999
Levi's Men Sweatshirt;sports & fitness;4.0;79;₹699;₹1,999
Allen Solly Men Sweatshirt;sports & fitness;4.3;8;₹1,798;₹1,999
Amazon Brand - Symbol Women Sweatshirt;sports & fitness;3.9;3,336;₹709;₹2,199
TRUEREVO 5 Inch Running Tight Shorts with Mobile Phone Pocket for Men Ultra Light Dry Fit Polyester Fabric;sports & fitness;4.0;270;₹599;₹699
Amazon Brand - Symbol Men's Relaxed Casual Pants;sports & fitness;3.9;70;₹427.02;₹1,899
U.S. POLO ASSN. Mens Solid Cotton Mid Rise Thermal Bottoms;sports & fitness;4.2;166;₹601;₹859
Oysters Women's 2 In 1 Running Shorts Quick Dry Gym Athletic Workout Shorts For Women With Phone Pockets;sports & fitness;4.0;3;₹629.10;₹999
CHKOKKO Women Stylish Track Pant Workout Running Lower;sports & fitness;3.8;41;₹499;₹1,999
Jump Cuts Men's Slim Fit Pants;sports & fitness;3.5;522;₹332;₹1,119
2heet heet Women's Anti Bacterial Anti-Skid Yoga/Pilates/Dance/Ballet Made with Bamboo Cotton Walking & Bikram Fitness Soc...;sports & fitness;5.0;1;₹350;₹999
LARSSST Women Purple Round Neck Solid Full Sleeve Sweatshirt-LRW_borawwhite;sports & fitness;4.1;61;₹499;₹1,599
French Connection Men's Regular Fit Cotton Blend Track Pants;sports & fitness;3.7;14;₹479;₹2,399
Levi's Men Sweatshirt;sports & fitness;3.0;2;₹1,189;₹3,399
Jockey Women's Cotton Shorts (Pack of 1) (SS04_Paradise Teal_Medium_Teal_M);sports & fitness;3.5;25;₹245;₹249
Max Boys Solid Full-Length Joggers;sports & fitness;3.8;24;₹269;₹549
THE BOTTOM STORE Men's Cotton Casual Shorts | (Pack of 3);sports & fitness;3.4;276;₹599;₹999
T2F Boys Regular Fit Pyjama Bottom(Bystrk07-3P_Black-Blue-Grey_2 Years-3 Years) Pyjama Bottom Wear;sports & fitness;4.0;51;₹217.07;₹1,200
CHKOKKO Women Casual Summer Track Suit T-shirt Trackpant Co-ord Set;sports & fitness;4.4;34;₹999;₹3,749
Shivay Inflating Needle PIN Nozzle Basketball/Football Ball AIR Pump;sports & fitness;5.0;1;₹67;₹300
Fusefit womens Tracksuit;sports & fitness;3.3;9;₹1,179;₹3,299
Alan Jones Clothing Printed Boys Joggers Track Pant;sports & fitness;4.3;234;₹399;₹1,099
Trendy Dukaan Track Pant for Boys & Girls/Kids Smart Joggers;sports & fitness;4.1;340;₹940.50;₹1,299
CHKOKKO Men Winter Track Suit Cotton Fleece Hooded Zipper;sports & fitness;3.8;244;₹599;₹5,999
SOUTH TREE Boy's Regular Fit Trackpants (Pack of 3);sports & fitness;4.1;834;₹649;₹1,707
Jockey Men's Slim Track Pant;sports & fitness;4.5;8;;₹1,499
Forest Club Shorts for Men | Light Weight | Casual Wear | Sports Shorts | Quick-Dry Technology with Ultra Cooling Fabric |...;sports & fitness;3.8;2,81;₹399;₹575
Max Women's Printed Elasticated Pyjamas;sports & fitness;4.0;23;;₹499
Qiddo Sports Girls' T-Shirt;sports & fitness;4.2;29;₹560;₹800
Fila Women's Regular Pants;sports & fitness;4.0;2;₹879;₹1,599
MRD DESIGNER HUB Unisex Running Shorts;sports & fitness;3.5;2,503;₹599;₹2,247
5IVE DEGREE 3-Pack Cotton Regular fit Boy's & Girls Joggers Track Pants;sports & fitness;3.0;1;₹940;₹1,499
Alan Jones Clothing Women's Slim Fit Trackpants;sports & fitness;3.9;257;₹499;₹1,299
NIVIA ENCOUNTER STOCKINGS-Large;sports & fitness;4.2;9;;₹112
NIRDAMBHAY Beautiful Ankle Length No Show Low Cut Trendy Cartoon Socks Cartoon Printed Free Size Socks for Girl's Multi-color;sports & fitness;4.2;10;₹349;₹599
Max Men Joggers;sports & fitness;3.9;63;₹629;₹699
Skudgear Athleisure Premium Comfortable Regular Shorts for Men;sports & fitness;3.9;180;₹499;₹1,999
Jockey 2540 Women's Soft Touch Microfiber Elastane Stretch Fleece Fabric Full Sleeve Thermal Top with Stay Warm Technology;sports & fitness;5.0;1;;₹1,399
Slony Men's Lycra Stretchable Regular Fit Cuff Joggers Track Pant | Jogger Lower Track Pants for Gym;sports & fitness;5.0;2;₹249;₹1,499
Bodycare Insider Womens Anthra Melange Thermal Bottom;sports & fitness;4.0;3;;₹499
Nivia Dominator Football Studs;sports & fitness;3.4;15;;₹1,029
aallookart Men's Barsa Home 2022-23 Football Jersey (Shorts);sports & fitness;4.2;38;₹999;₹1,999
U.S. POLO ASSN. Men's Carrot Track Pants;sports & fitness;3.5;3;₹968;₹2,199
NIVIA Shining Star STITCHLESS Football Size 5 (Black);sports & fitness;4.2;23;₹1,150;₹1,449
Xs and Os Women Over the Knee Socks Cosplay Socks Pack of 2;sports & fitness;4.0;304;₹489;₹969
EVIGHT LIVING Regular Fit Trackpants for Men Stretchable Gym Yoga Joggers for Boys Workout Big and Tall Sweatpants Urban L...;sports & fitness;3.5;15;₹599;₹2,599
KUNDAN SULZ GWALIOR Men's Trouser Fabric Combo Set (Combo of 2 Pant Pieces);sports & fitness;3.7;188;₹499;₹1,899
Pariss Football Jersey Messi 2022/23 with Shorts;sports & fitness;2.0;2;₹415;₹999
RV Cone Markers | 6 Inch Football Training Agility Cone Marker | Safety Traffic Marker | Soccer Cones | Baseball Practice ...;sports & fitness;4.5;20;₹239;₹1,499
Bigbanana Plus Size Men's Regular Fit Trackpants;sports & fitness;3.8;13;₹799;₹1,999
TECHNOSPORT Men Track Pant;sports & fitness;5.0;1;;₹590
Puma Men Sweatshirt;sports & fitness;4.4;539;₹1,469;₹2,499
VIMAL JONNEY Women's Regular Lowers;sports & fitness;4.5;15;₹939;₹2,700
Adidas Accuracy.3 Fg Sneaker;sports & fitness;5.0;1;₹4,599;₹7,999
FF Winter Wear Thermal Upper Vest and Bottom Lower Warmer Combo for Women Long Johns Underwear Set;sports & fitness;4.6;75;₹734;₹1,199
Selfcare Women Cotton Blend Thermal Top and Pyjama Set (Pack of 1 Set);sports & fitness;4.0;971;₹659;₹1,198
Miss Olive Women Sweatshirt;sports & fitness;3.9;3;₹239.23;₹2,099
VIMAL JONNEY Winter Cover Black Womens Thermal Top and Bottom-Setcover-Top-p;sports & fitness;3.6;241;₹399;₹599
Vector X Fizer Indoor Football Shoes (Black-Red);sports & fitness;3.7;173;₹569;₹769
YCC YOUNGCASH Black Tow Flap Pocket Tracksuit Hoodie Jogger Tow Flap Pocket For Men Women;sports & fitness;3.0;10;₹1,899;₹3,499
BEARSTONE� Trendy Women Cotton Colourful Cat Print Low-cut Socks -Multicolour (Pack of 5);sports & fitness;4.0;1;₹289;₹599
Adidas Unisex Edge.3 Fg J Football Shoe;sports & fitness;2.0;16;₹2,799;₹5,599
Vector X France Machine Stitched Football;sports & fitness;3.0;68;₹399;₹489
RANBOLT FT Black Men's Sports Trackpants.;sports & fitness;3.5;69;₹459;₹2,009
PICMA Men's Slim Fit Track Pants | Men's Lycra Stretchable Regular Fit Stylish Grip Cargo Joggers Track Pant Lower Pyjama ...;sports & fitness;2.8;5;₹449;₹999
kiddeo Boys Track Pants (Pack of 6);sports & fitness;3.9;131;₹549;₹1,999
Pepe Jeans Men Sweatshirt;sports & fitness;4.4;3;₹1,574;₹3,499
Status Apparels Tshirt for Men | Cotton Full Sleeves Peace Printed Casuals;sports & fitness;1.0;1;₹469;₹999
Adidas Men Shorts;sports & fitness;3.3;58;₹559;₹1,599
Axpro White Ronaldo Synthetic TPU Studs Football Shoes for Men;sports & fitness;4.0;33;₹740;₹1,800
Amazon Brand - Symbol Women's Slim Track Pants;sports & fitness;4.0;235;₹661;₹1,599
Vector X Infiniti Football Shoes (Size-6) (Blue-Black-Green);sports & fitness;4.0;61;₹788;₹799
Puma Unisex-Child Monarch Ii Tt Jr Football Shoe;sports & fitness;4.3;57;₹1,924;₹2,999
Puma Men's Synthetic Liners Socks (Pack of 2);sports & fitness;3.4;17;₹270;₹449
Regalia Procot Women's Yoga Shorts;sports & fitness;3.9;11;₹399;₹899
Modeve Striped Women Track Pant;sports & fitness;5.0;1;₹499;₹999
Lappen Fashion Women T-Shirt;sports & fitness;3.4;60;₹289;₹999
Reebok Men's Slim Fit T-Shirt;sports & fitness;4.6;5;₹749;₹2,499
Vector X Breeze Football Shoes (Blue-Orange) (4);sports & fitness;3.8;120;₹611;₹799
PUMA Stylised Unisex Sneaker Socks Pack of 3;sports & fitness;3.6;39;₹289;₹599
Alan Jones Clothing Solid Boys Joggers Track Pant;sports & fitness;4.2;243;₹439;₹1,199
Adidas Men Sweatshirt;sports & fitness;3.7;53;₹990;₹2,999
5IVE DEGREE 2-Pack Boy's Joggers Track Pant - Ankle Length (5 to 16 Years);sports & fitness;4.3;11;₹750;₹1,499
Mens Stylish Ultra Strechable Lycra Sports Track Suit;sports & fitness;3.4;700;₹1,299;₹1,999
Red Tape Men's Cotton Blend Crew Neck Sweatshirt;sports & fitness;3.7;471;₹689;₹2,599
Adidas mens Socks;sports & fitness;4.5;210;₹309;₹899
Nike Boy's Sport Short (AO0771-644_Laser Crimson/Valerian Blue_S);sports & fitness;3.5;6;₹569;₹1,095
RC. ROYAL CLASS Women's Solid Plain Cotton Loafer Thumb Socks(Pack of 3 Pairs)(Free Size);sports & fitness;4.1;161;₹302;₹480
Jockey Men's Track Jacket;sports & fitness;3.9;351;₹1,515;₹1,699
RodZen Men's Fleece High Neck Solid Sweatshirts;sports & fitness;4.0;27;₹499;₹1,999
VIMAL JONNEY Men's Regular Fit Polyester Track Pant;sports & fitness;3.6;56;₹249;₹899
Sweet Threadz Lycra Tight Fit Stretchable Cycling Shorts Womens Shorties for Active wear/Exercise/Workout/Yoga/Gym/Cycle/R...;sports & fitness;3.9;15;₹195;₹499
Roshan® Double Stripes Hosiery Trackpant;sports & fitness;4.4;26;₹799;₹1,499
BEEVEE Mens Camouflage Grey Elasticated Track Pant with Drawstring.;sports & fitness;4.0;10;₹1,079;₹1,799
Jack & Jones Men's Regular Track Pants;sports & fitness;3.6;4;₹750;₹2,999
Jockey Men's Relaxed Fit Joggers;sports & fitness;4.0;276;;₹1,299
Clovia Women's Comfort-Fit Active Track Pants in Grey - Grey;sports & fitness;4.0;3;₹699;₹1,299
CAZO Boys Jogger Trackpants Printed Regular FIT RACERIDER;sports & fitness;3.8;8;₹409;₹649
ReDesign Apparels Men's Skinny Fit Leggings;sports & fitness;4.1;290;₹1,139.05;₹3,999
Fusefit Boy's Jogger Regular Track Pants;sports & fitness;3.3;13;₹469;₹1,399
Vintado Women Casual Cotton Socks For Ankle Pattern Comfortable Lightweight With Re-enforced Heel & Toe Breathable Multicolor;sports & fitness;5.0;8;₹339;₹999
Barcelona Home Set Thai Jersey & Shorts 2022/23 for Men & Women;sports & fitness;3.0;9;₹998;₹2,999
Fabtie Girls Regular Fit Premium Cotton Printed Pyjama Pants/Lowers/Trackpant/Night Pant(Pack of 3 Assorted Colours);sports & fitness;3.6;453;₹499;₹899
Opaque Compression Socks Knee-Hi Firm Support Open Toe Medium Beige Compression stockings 20-30mmHg Surgical Weight medica...;sports & fitness;4.2;789;₹599;₹1,500
Status Apparels Cotton Tshirt for Women Combo Pack of 2;sports & fitness;3.3;114;₹751;₹1,299
Vector X Chaser-II Football Shoes;sports & fitness;3.8;732;₹699;₹799
Austivo Men's Slim Fit TrackPant1561A;sports & fitness;4.2;4;₹499;₹1,899
Imported Fabric Forway 4 Way Mens Lower Track Pants Regular Fit Slim Fit Running Workout Pants with Front Pocket with Mobi...;sports & fitness;3.0;2;₹379;₹999
Lyriq Joggers for Women || Trousers for Women || Track Pants for Women || Gym Yoga Pants for Women;sports & fitness;4.6;79;₹369;₹1,499
HELLCAT Boys Regular Fit Fulsleeve Hooded Sweatshirt with Rib - Combo Pack of 2;sports & fitness;3.9;29;₹539;₹3,998
FITINC NS Lycra Lightweight & Dry-Fit Track Pant for Men;sports & fitness;3.8;22;₹594;₹1,499
YHA Womens Regular Fit TrackSuits;sports & fitness;3.9;37;₹1,299;₹3,999
berge' Men Polyester Sports Wear Breathable Shorts with Branded Zipped Pockets for Running Sport Workout;sports & fitness;3.9;84;;₹695
KK Storm Football Stud Shoes;sports & fitness;3.4;34;₹899;₹980
Vimal Jonnney Dryfit Lycra Solid Multicolor Tracksuit Co-ord Sets for Women (Pack of 3)-DRYFIT_T_D10_BLK_BLU_GRY_006-P;sports & fitness;3.0;1;₹999;₹5,400
UZARUS Men's Regular Fit Track pants;sports & fitness;3.3;875;₹424;₹1,999
Jockey Women's Cotton Boyshorts (Pack of 1) (SS04_White_L_White_L);sports & fitness;4.1;175;;₹249
FUNDAY FASHION Self Design Women Track Suit;sports & fitness;3.2;24;₹649;₹1,999
FATTAHKAISER Men Track Pants Casual | Pack of 3 | Men Track Pant Cotton | Men Track Pant Branded | Track Pants for Men Spo...;sports & fitness;3.4;67;₹799;₹1,400
FAIQA Thermal Wear Top Pajama Set for Boys Girls Kids Baby (Pack of 2);sports & fitness;3.9;27;₹574;₹999
STOP by Shoppers Mens Regular Fit Solid Open Sweatshirt;sports & fitness;3.7;18;₹399;₹1,299
Alan Jones Clothing Mens Cotton Track Suit;sports & fitness;4.5;27;₹999;₹2,999
Amazon Brand - House & Shields Men Hooded Sweatshirt;sports & fitness;4.1;1,826;₹719;₹1,999
Cotson Girl's No-Show Net Socks (Pack Of 4 Pairs) (BEM3921-Multicolor-P4_Multicolour);sports & fitness;3.9;135;₹282;₹599
Big Button Men's Slim Fit Cotton Air Joggers;sports & fitness;3.6;67;₹949;₹1,599
SHREY Apparels Compression Short Tights;sports & fitness;5.0;2;₹895;₹1,099
Amazon Brand - Symbol Boys Hooded Sweatshirt;sports & fitness;3.9;248;₹481;₹1,499
JUST RIDER Mens Compression Shorts with Cup Pocket and Side Mobile Pocket Sports Running Quick Dry Shorts Compression Unde...;sports & fitness;5.0;1;₹349;₹999
VIMAL JONNEY Kids Regular Fit Cotton Blended Trackpants (Pack of 3_Multicolor_32)-K5AK5BK5M_03-32A;sports & fitness;4.1;22;₹599;₹2,700
Puma Men's Regular Fit Tee;sports & fitness;4.7;4;₹629;₹1,999
VEDETIC Fashion Beautiful Ankle Length No Show Low Cut Trendy Cartoon Socks Cartoon Printed Free Size Socks for Girl's Mul...;sports & fitness;4.4;13;₹279;₹599
MediPEDS Men's 4 Pack Diabetic Crew Socks;sports & fitness;4.6;1,982;₹449;₹800
Shrishti Creations Premium Ankle Length Floral Printed Multicolored Cotton Socks For Women/Girls;sports & fitness;3.8;76;₹219;₹2,999
Puma Women Sweatshirt;sports & fitness;5.0;1;₹1,499;₹2,999
AmazBaby Girls Cotton Round Neck Sweatshirt;sports & fitness;4.0;12;₹649;₹1,999
Puma Mens Tacto Ii Fg/Ag Football Shoe;sports & fitness;3.8;4;;₹3,999
Alfa Men's Quilted Steam Disinfected Winter wear Cotton Thermal TOP (V-Neck);sports & fitness;4.2;21;₹427;₹1,799
CSU Sports and Training Pea-Less Whistles-Used by Professionals;sports & fitness;3.1;63;₹199;₹570
Khillayox Women's Nylon Without Thumb Solid Pattern Ankle Length Socks |Breathable Durable Comfortable Regular Wear Anti-T...;sports & fitness;5.0;4;₹249;₹399
Campus Sutra Women Apparels;sports & fitness;3.8;1,358;₹755;₹2,499
Oysters Women's Sports Shorts With Zip Pocket Quick-Dry Athletic Shorts Sports Elastic Waist;sports & fitness;3.0;10;₹499;₹999
Vector X BIGWIN Thermo Bonded Football (Size-5) (White-Red);sports & fitness;3.6;3;₹999;₹1,379
ADBUCKS Cotton Solid Women's Joggers Track Pants;sports & fitness;3.2;16;₹599;₹1,499
Amazon Brand - Symbol Boys Sweatshirt;sports & fitness;4.0;318;₹199;₹1,199
Alan Jones Clothing Mens Cotton Track Suit;sports & fitness;4.1;96;₹999;₹2,999
Alan Jones Clothing Boy's Regular Fit Poly Cotton Track Pant;sports & fitness;3.9;58;₹399;₹1,199
VIMAL JONNEY Men's Slim Fit Polyester Blend Trackpants;sports & fitness;3.8;12;₹649;₹2,697
Shopitail Mid Calf Grip Socks and Football Legsleeve Shinguard and Pad Supporter Combo;sports & fitness;5.0;1;₹999;₹1,499
POWERHAWKE mens Tracksuits;sports & fitness;3.6;46;₹799;₹1,599
The Souled Store Men Official Batman: Vigilante Black Printed Joggers;sports & fitness;4.0;24;₹1,455;₹1,999
UZARUS Women's Track pants;sports & fitness;3.8;523;₹474;₹2,499
NEVER LOSE Men's Compression Inner T-Shirt Top Skin Tights Fit Lycra Inner Wear Full Sleeve for Gym Cricket Football Badmi...;sports & fitness;3.0;39;₹399;₹999
Cargo Sports Men's Cotton Casual Track Pant (5504);sports & fitness;3.5;49;₹899;₹2,499
Neo Bull Men's Gym Shorts;sports & fitness;4.1;83;₹849;₹1,299
SAAVA Men'S Knitted Poly Cotton Charcoal Milange & Black Fleece Tracksuit;sports & fitness;3.5;298;₹1,799;₹3,500
Adidas Women's Slim Fit Cotton Track Pants;sports & fitness;2.5;3;₹1,199;₹1,499
Anugrah Yoga Socks Gym Socks for Women and girls Anti Bacterial Anti-Skid Yoga Pilates Dance Ballet Cotton Walking & Bikra...;sports & fitness;3.9;29;₹399;₹599
Nimble Tie-Dye T-Shirt & Joggers Set for Women Cotton Half Sleeves Regular Fit Women's Tie-Dye Co-ord Set;sports & fitness;5.0;2;₹1,099;₹3,898
Axpro Men's Blue Sport Synthetic TPU Football Studs Shoes;sports & fitness;3.7;79;₹856;₹1,800
Lux Inferno Women's Slim Fit Charcoal Melange Thermal Bottom Wear;sports & fitness;4.0;1,094;₹505;₹548
T.T. Men Comfort Fit Cotton Solid with Side Piping Trackpant;sports & fitness;3.7;1,24;₹450;₹529
Vector X VS-600 Men's Shorts;sports & fitness;4.5;2;₹425;₹500
Vector X Cyclone Goalkeeper Gloves | Strong Grip for The Toughest Saves | with Finger Spines to Give Splendid Protection a...;sports & fitness;2.9;7;₹772;₹830
Amazon Brand - Jam & Honey Baby-Girls Sweatshirt;sports & fitness;4.3;147;₹310;₹1,798
The Dance Bible Men’s Stylish Relaxed Fit Jogger Trackpants for Hip Hop Dance Streetwear;sports & fitness;3.8;12;₹899;₹1,799
Easy 2 Wear ® Men’s Plus Size Cotton Comfort Fit Jogger Track Pant (Bottom Elastic);sports & fitness;4.0;51;;₹899
Ezee Sleeves Unisex Cotton Printed Kids Track Pant/Trackpant for Boys/Girls - Pack of 5 (Multicolor);sports & fitness;3.8;36;₹854;₹1,399
Puma Mens Track Suit;sports & fitness;3.4;75;₹2,829;₹4,499
V2 FASHION Women's Skinny Fit Track pants(Pack of 2);sports & fitness;3.2;320;₹479;₹700
Amazon Brand - Symbol Women Sweatshirt;sports & fitness;4.2;676;₹552;₹1,499
Cloth Theory Girl's Cotton Crew Neck Sweatshirt;sports & fitness;3.8;613;₹309;₹899
KART BLACK Plus Size Jogger Pants for Men | Plain Mens Jogger Pant | Casual Fit Comfortable Jogger Pant (Pack of 1);sports & fitness;4.0;5;₹599;₹999
GODFREY Woolen Turtle Neck Full Sleeve Womens Sweater;sports & fitness;4.0;51;₹899;₹1,799
Macroman M-Series Men's Track Pants;sports & fitness;3.8;622;₹297.78;₹789
RABBY Women's Poly Cotton Regular Fit Solid Track Pant;sports & fitness;5.0;2;₹499;₹1,499
ONN Kid's Thermal Lower for Boys and Girls;sports & fitness;5.0;1;;₹385
BLUECON Women's Ankle Length Activewear High Waist Dry Fit(Polyester) Track Pants with Side Pockets;sports & fitness;3.5;3;₹449;₹999
VIMAL JONNEY Men's Cotton Trackpants (Pack of 3)-D1MD1ND7M-P;sports & fitness;4.1;8;₹999;₹2,700
Levi's Men Sweatshirt;sports & fitness;2.9;3;₹1,161;₹2,699
SEGA Micro Football Shoes by Star Impact Pvt. Ltd.;sports & fitness;3.7;106;₹849;₹892
Oysters Women's Lightweight Joggers Pants Quick Dry Running Hiking Pants Athletic Workout Track Pants with Zipper Pockets;sports & fitness;3.4;7;₹599;₹1,199
FEROC TOOFAN Pu Football Shoes;sports & fitness;3.9;9;₹699;₹1,199
Ap'pulse Women's Sleeveless 1/4 Zip Hineck Tshirt;sports & fitness;4.1;14;₹399;₹799
CuB McPAWS be curious Girls Cotton Round Neck Sweatshirt;sports & fitness;3.7;247;₹849;₹1,899
NEVA Baby Kids Boys & Girls Winter Thermal Wear Lower Body Warmer Bottom Grey Color Pack of 2;sports & fitness;4.2;264;₹387;₹408
SOUTH SAILOR Men's Athletic Fit Joggers Track Pant Black Melange Pack of 1;sports & fitness;3.4;9;₹349;₹999
Alan Jones Clothing Men's Slim Fit Poly Cotton Track Pant (JOG21-P110-P);sports & fitness;3.7;52;₹579;₹1,499
ZEYO Women's Joggers Solid Plain Regular Fit Track Pant 5382;sports & fitness;4.0;60;₹599;₹1,598
PUMA Men's Athletic Socks;sports & fitness;4.1;88;;₹199
Bigbanana Plus Size Men's Regular Fit Trackpants;sports & fitness;3.7;41;₹799;₹1,999
Alan Jones Clothing Men's Cargo Joggers Track Pant;sports & fitness;3.7;31;₹639;₹1,599
Van Heusen Woman Women Sweatshirt;sports & fitness;3.6;12;₹930;₹1,899
VMart Men Solid Polyester Rice Knit Pyjama 421366;sports & fitness;2.0;1;₹404;₹475
Nivia 1105L1 Lycra-Spandex Gym and Running Gloves;sports & fitness;3.3;530;;₹285
Alan Jones Clothing Women's Cotton Blend Hooded Neck Hoodies;sports & fitness;3.8;28;₹499;₹1,799
A.T.U.N Girls Sweatshirt;sports & fitness;3.7;1,445;₹509;₹1,299
Women's Regular Fit Tie-Dye Joggers Stretchable Pants Slim Fit Casual Joggers for Women Straight Relaxed Fit Trousers Gym ...;sports & fitness;3.3;8;₹499;₹1,599
Vector X Silver-Energy-B Men's Round Neck T-Shirt (Blue);sports & fitness;4.0;9;₹540;₹599
Rupa Thermocot Boys' Plain Cotton Thermal Top;sports & fitness;3.9;439;₹169;₹234
Vector X Tornado Goal Keeper Gloves (Multicolor);sports & fitness;3.5;2;₹847;₹999
SAAVA Fashions Women's Solid Plain Hosiery Shorts Tight Knee Length Spandex Stretch Athletic Yoga Bike;sports & fitness;3.8;15;₹599;₹1,199
Modeve Women's Solid Track Pant (Pack of 2);sports & fitness;5.0;1;₹799;₹1,499
Adidas Men Sports Pants;sports & fitness;5.0;1;₹1,259;₹3,599
ENDEAVOUR WEAR Womens Cotton Regular Fit Track Pants;sports & fitness;3.6;22;₹499;₹999
Regalia Procot Track Pant for Men Boys Lower Lounge Pants Trousers Relaxed fit with Two Zip/Zipper Pockets;sports & fitness;3.4;165;₹529;₹899
Rupa Thermocot Women's Plain/Solid Synthetic Thermal Bottom;sports & fitness;4.1;140;₹329;₹411
Jockey Slim Girls Jogger;sports & fitness;4.0;16;;₹799
Amazon Brand - Symbol Men Hooded Sweatshirt;sports & fitness;4.1;6,8;₹769;₹1,499
PROBEROS® Women's Yoga Sock Cotton Non Slip Barre Grip Finger Open Toe Socks with Grips (Black with Polka);sports & fitness;4.2;140;₹618;₹883
Allen Solly Men's Slim Fit Cotton Blend Track Pant;sports & fitness;4.0;9;₹900;₹1,799
Van Heusen Athleisure Women Track Pants;sports & fitness;4.1;2;₹929;₹1,399
Kothari Kids Thermal Unisex Boy's and Girl's Winter Wear Thermal Full Sleeves Body Warmer Top & Bottom Set| Unisex-Child P...;sports & fitness;4.6;3;₹799;₹1,699
T2F Boys Sweatshirt;sports & fitness;4.0;52;₹449;₹1,499
Bee Brezo Men's Cotton High Neck Sweatshirt;sports & fitness;3.8;26;₹664;₹1,999
MARK LEUTE Women's Regular Fit Trackpants;sports & fitness;4.2;44;₹699;₹1,180
BODYCARE Unisex Thermal Bottoms Pack Of 1;sports & fitness;4.6;9;;₹395
WEET Women's Round Neck Sweatshirt and Joggers Full Set Peach Tracksuit;sports & fitness;5.0;1;₹1,299;₹2,999
VIMAL JONNEY Dryfit Lycra Solid Multicolor Trackpants for Women (Pack of 3)-Dryfit_D10_Gry_L.Gry_OLV_003-P;sports & fitness;5.0;1;₹649;₹2,697
adidas Men's Plain Socks;sports & fitness;4.6;7,337;₹319;₹799
Amazon Brand - Symbol Men Hooded Sweatshirt;sports & fitness;4.0;506;₹679;₹2,499
Van Heusen Flex Men's Slim Fit Cotton Blend Track Pant;sports & fitness;3.9;11;₹889;₹1,699
Max Women Sweatshirt;sports & fitness;3.2;3;₹349;₹599
JERKYN Men's Regular Lycra Cargo Jogger/Track Pant;sports & fitness;2.8;133;;
Selfcare Women Poly Cotton Thermal Top and Pyjama Set (Pack of 2 Set);sports & fitness;4.1;116;₹1,299;₹2,396
Amazon Brand - Symactive Men Warm Up Jacket;sports & fitness;3.3;116;₹477.21;₹1,999
Hubberholme Men's Cotton Blend Slim Fit Brand Printed Track Pants;sports & fitness;5.0;2;₹320;₹1,999
Women's Solid Stripes Track Suit | Women's Striped Tracksuit Top & Leggings Pants Outfit Set for Girls Women's Yoga Track ...;sports & fitness;3.6;6;₹615;₹999
Hubberholme Women's Cotton Blend Regular Fit Feminist Text Printed Track Pants;sports & fitness;4.3;2;₹450;₹1,499
Puma Men's Fitted Pants;sports & fitness;4.0;1;₹2,134.04;₹3,999
NDLESS SPORTS Sweat Wicking 4 Way Stretch Women 2 Piece Tracksuit Sports Bra & High Waist Legging With Color Contrast of P...;sports & fitness;3.8;9;₹599;₹1,499
Doliva Yoga Socks for Women Anti slip Anti-Skid Pilates Dance Ballet Cotton Walking & Bikram Fitness Socks Open Toe Socks ...;sports & fitness;3.7;7;₹379.05;₹999
Peter England Men Track Pants;sports & fitness;5.0;1;₹789;₹1,599
CLIENTALE Men's Slim Fit Track Pants Cotton (L to 8XL);sports & fitness;3.1;65;₹499;₹1,299
Lux Inferno Men's Thermal Top;sports & fitness;4.3;10;;₹548
Sport Cushioned Socks Non Slip Grip for Basketball Soccer Ski Cycling Athletic Socks TOUFA;sports & fitness;4.0;1;;
CHKOKKO Men's Regular Fit Poly Cotton Track Pant;sports & fitness;3.8;236;₹799;₹1,999
Super Speed Hexagonal Agility Ladder for Track and Field Sports Training Set of 12 pcs with Bag and Connectors;sports & fitness;3.9;4;₹1,299;₹1,499
KASGO Boys & Girls Training Shorts;sports & fitness;3.7;52;₹349;₹799
KYDA KIDS ® Boys Cotton Printed Regular Fit Camouflage Track Pants;sports & fitness;3.1;6;₹399;₹999
Van Heusen Women Track Pants;sports & fitness;3.3;4;₹934;₹1,699
VIMAL JONNEY Boy's Slim Fit Trackpants (Pack of 3);sports & fitness;4.1;283;₹649;₹2,700
SAN Football Jersey AL_NASSAR Ronaldo Home Kitt- for Men and Sports Jersey for Men and Boys SAN Football Team 2022-23 Age ...;sports & fitness;1.0;1;₹332;₹999
Regalia Procot Mens Trackpants/Jogger with 2 Zip and 1 Back Pocket Quick Dry 4 Way Nyke Lycra Small to 3XL Sizes;sports & fitness;3.7;4;₹575;₹899
Modeve Women's Regular Fit Cotton Blend Track Pant;sports & fitness;3.9;1,49;₹899;₹1,499
VIMAL JONNEY Women's Regular Fit Cotton Track Pants | Lower |Pajama |Lounge Pant for Women-D8_MLG_01;sports & fitness;3.7;65;₹360;₹1,400
STATUS MANTRA Cotton Sweatshirts Pullovers for Women - Combo Pack of 2;sports & fitness;3.7;4;₹799;₹1,999
CULTSPORT | Bonded Shorts with Inner Tights for Women;sports & fitness;3.7;15;₹934;₹1,599
Alan Jones Clothing Boys Solid Tapped Cotton Joggers Track Pants;sports & fitness;4.2;4;₹399;₹1,199
Men Track Pant Black Melange;sports & fitness;2.8;3;₹179;₹599
Hubberholme Men Solid Track Pant - Regular Fit Trackpant 52% Cotton & 48% Polyester Fabric with Drawstring Elastic Waistba...;sports & fitness;3.8;43;₹819;₹1,999
ONN Men's Round Neck Full Sleeves Premium Thermal Top;sports & fitness;4.0;1;;₹669
FEROC TOOFAN Pu Football Shoes;sports & fitness;2.9;7;₹699;₹1,199
Fflirtygo Women's Relaxed Fit Cotton Joggers;sports & fitness;3.8;35;₹609;₹1,100
CuB McPAWS be curious Boy's Cotton Round Neck Sweatshirt;sports & fitness;3.7;217;₹599;₹1,499
NEVER LOSE Sports Running Football Soccer Plain Long Socks Over Knee High Socks;sports & fitness;3.7;12;₹249;₹499
Pariss Football Jersey Messi 2022/23;sports & fitness;5.0;1;₹299;₹899
FUNKY MONKEY BTS Logo - Sweatshirt & Trackpant Joggers Set;sports & fitness;4.0;3;₹1,299;₹1,999
CHKOKKO Women Winter Hooded Zipper Full Sleeves Track Suit;sports & fitness;3.9;163;₹599;₹5,999
Van Heusen Sport Men's Polycotton Crew Neck Sweatshirt (VSSTURGF604098_Black_2XL);sports & fitness;5.0;1;₹849;₹1,699
HELLCAT Boy's Cotton Regular Fit Ful Sleeve Hooded Sweatshirt with Rib;sports & fitness;3.5;167;₹499;₹1,999
The Modern Soul Men's Avenger Print Polyester Blend Sweatshirt;sports & fitness;3.7;35;₹599;₹1,999
Puma Men's' Sweatshirt;sports & fitness;4.5;264;₹1,469;₹2,499
Ellixy Thermal wear for Women/Ladies/Girls Winter Thermal Set Poly Cotton top 3/4 Sleeve and Bottom/pajma/Legging Fitting...;sports & fitness;1.0;1;₹1,234.05;₹1,999
Nike Women's Streetwear (CV2677_Obsidian Royal Blue/White_S);sports & fitness;5.0;4;₹1,689;₹2,995
RiverHill Men's Regular Fit Army Printed Track Pant;sports & fitness;2.2;5;₹499;₹799
berge' Men's Instadry Knits Comfort Fit Track Pant with Secure Zipper Side Pockets for Sports Exercise Gym Running Work fr...;sports & fitness;4.4;36;;₹1,495
Status Apparels Tshirt for Women | Round Neck Full Sleeves All Day Everyday Printed;sports & fitness;4.5;2;₹499;₹999
Pepe Jeans Men Sweatshirt;sports & fitness;3.0;1;₹1,140;₹2,999
adidas AdiSocks Knee Socks Men's;sports & fitness;4.5;320;₹698;₹999
SHAUN Women's Regular Fit Track pants(Pack of 2);sports & fitness;3.9;806;₹699;₹999
U.S. POLO ASSN. Men's Slim Track Pants;sports & fitness;2.3;3;;
Ronaldo Football Home Jersey 2022/2023 for Girls & Women;sports & fitness;4.0;2;₹335;₹899
Puma Women Track Pants;sports & fitness;5.0;1;₹1,419;₹2,999
Marks & Spencer Pure Cotton Cycle Graphic Sweatshirt;sports & fitness;5.0;1;₹1,190;₹2,999
SOUTH TREE Girls Trackpant Net Folding(Pack of 3);sports & fitness;4.0;5;₹749;₹1,647
The Souled Store|Women's & Girls Strechable Relaxed Fit Joggers|Regular Fit 100% Cotton Joggers;sports & fitness;4.2;63;₹1,343;₹1,999
Njoy Boy's Pure Cotton Solid Jogger Track Pants with 2 Side Pocket| Tapered Slim Fit | Casual/Sports Wear Lowers/Trousers/...;sports & fitness;2.8;9;₹499;₹999
CHKOKKO Men Plus Size Casual Track Pant Gym Workout Lower with Pocket;sports & fitness;4.2;7;₹999;₹1,999
Mini 6x4ft Soccer Goal Post Nets 1.8x1.2m for Sports Training Practise;sports & fitness;2.3;3;₹1,993;₹4,442
Vector X Orion Synthetic Indoor Football Shoes (Orange-Black);sports & fitness;3.9;203;;₹945
Campus Sutra Women Printed Sweatshirt Regular Fit for Casual Wear | Full Sleeves | Cotton | Latest Stylish Sweatshirt Craf...;sports & fitness;3.6;10;₹680;₹1,699
LAWMAN PG3 Men's Regular Track Pants;sports & fitness;4.0;267;₹389;₹1,699
Adidas Women's Flat;sports & fitness;3.4;5;₹1,080;₹2,699
SHAUN Women Free Size Plus Size(Waist Size 36-46 inch) 3XL to 7XL Stretchable Track Pant (Length 37-39 inch_Pack of 3_778W...;sports & fitness;3.7;77;₹721;₹999
Hill Turner New Men's Slim Fit Track Pants;sports & fitness;4.5;4;₹398;₹1,299
Nike' Girl's Regular Shirt (DD7639-663_Pink Foam/LT Smoke Grey Medium);sports & fitness;4.0;1;₹729;₹1,395
2 Piece Stretchable Quick Dry Workout Gym Tracksuit for Women | High Waist Yoga Pants Gym Tights/Leggings with Non Padded ...;sports & fitness;3.6;6;₹999;₹1,999
OM SAI LATEST CREATION Women’s Lycra Pajama Sets Sweatshirt with Sleepwear Nightwear & Workout Clothes Gym Wea TracksuitsY...;sports & fitness;4.5;2;₹679;₹1,999
SHAUN Men's Regular Fit;sports & fitness;3.3;86;₹899;₹1,999
Adidas unisex-adult Socks;sports & fitness;4.5;8;₹349;₹999
Amazon Brand - Jam & Honey Boys Lightweight Sweatshirt;sports & fitness;4.1;3,713;₹485;₹1,499
Toonyport Kids Thermal Sets | Solid Trendy Thermal Wears for Kids | Up to Age 3-14 Years;sports & fitness;4.1;35;₹899;₹1,499
TEMPEST Women's Stylish Ultra Strechable Lycra Sports Athletic Gym Running Sports Track Suit | Women's Yoga Track Suit Pan...;sports & fitness;3.6;4;₹1,499;₹2,500
Diruno Men's Regular Fit Lycra Track Pants;sports & fitness;3.5;210;₹649;₹1,499
XForce Plaza Men’s 2 in 1 Running Shorts with Pockets Quick Dry Breathable Active Gym Workout Shorts;sports & fitness;2.8;18;₹799;₹1,999
RodZen Boy's Cotton Fleece Hooded Sweatshirt;sports & fitness;2.9;27;₹399;₹1,499
Reebok Men's Fitted Track Pants;sports & fitness;3.1;5;₹1,819;₹2,599
Styleville.in Women Sweatshirt;sports & fitness;4.4;7;₹256.41;₹2,099
STATUS MANTRA Full Sleeves Tshirt for Women Combo Pack of 2 | Round Neck Cotton Printed Casual Tees;sports & fitness;3.7;266;₹799;₹1,499
UZARUS Men’s Cotton Gym Sports Track Pants with 2 Zipper Pockets - Pack of 2;sports & fitness;3.4;119;₹899;₹2,999
DBURKE Men's Regular Fit Trackpants;sports & fitness;3.4;58;₹472;₹1,699
Levi's Men's Cotton Crew Neck Sweatshirt;sports & fitness;4.0;200;₹1,075;₹2,499
SG VOGUE Metallic Party Shining Sweater Style Blouse Top -Long Sleeve Turtleneck Knitted Pullover Women Shining Sweater fo...;sports & fitness;3.7;17;₹839;₹2,500
Cloth Theory Girl's Regular Track Pants;sports & fitness;3.7;118;₹649;₹899
Adidas unisex-adult Socks;sports & fitness;5.0;1;₹379;₹1,199
Wasco AZShandpull Football Goal Net (Black) / Multicolor;sports & fitness;2.5;11;₹1,212;₹1,450
Deniklo Men's Polyester Round Neck Sweatshirt (DKAW10-3XL_Real Teal_3XL_Real Teal_3XL);sports & fitness;3.6;87;₹539;₹999
Greenwich Women's Regular Fit Cotton Track Pant;sports & fitness;4.0;945;₹407.55;₹719
Alan Jones Clothing Boys' Regular Fit Joggers;sports & fitness;4.1;609;₹403;₹1,099
UZARUS Women's Slim Fit Track pants;sports & fitness;4.0;289;₹474;₹1,999
Pariss Neymar Football Jersey 2023 for Kids & Boys;sports & fitness;4.0;2;₹335;₹899
GRECIILOOKS Women's Regular Fit & Stretchable Thumb Hole Western Top & Tights Side Pockets Pant Set for Women Suitable for...;sports & fitness;3.7;20;₹688;₹2,299
Puma Unisex-Child Future 6.4 Tt V Jr Football Shoe;sports & fitness;4.3;34;₹1,572;₹3,999
BULLMER Trendy Front & Back Printed Fullsleeve Hooded Sweatshirt for Men;sports & fitness;4.5;2;₹299;₹1,999
ALVINO Stretchable Men's Lycra Checkered Print Track Pants;sports & fitness;3.6;174;₹499;₹999
Diverse Men Round Neck Full Sleeve Sweatshirt;sports & fitness;3.7;376;₹699;₹1,799
BALUDA ENTERPRISE SEMI LYCRA CLOTHS FOR BABY BOYS;sports & fitness;3.8;10;₹599;₹999
Googogaaga Boy's Cotton full Sleeves Sweatshirt With Jogger In Black Color Set for Baby Boys;sports & fitness;4.1;91;₹799;₹1,400
LEOTUDE Women's Boyfriend/Loose Fit Hoodie Sweatshirt;sports & fitness;3.5;34;₹299;₹1,599
Parx Men Sweatshirt;sports & fitness;3.5;2;₹819;₹1,599
Reebok Women's Slim Fit T-Shirt;sports & fitness;3.9;4;₹669;₹2,499
Max Men's Solid Elasticated Track Pants;sports & fitness;4.4;3;₹539;₹599
YHA Men Winter Track Suit Cotton Fleece High Neck Set;sports & fitness;3.6;80;₹1,299;₹3,999
HPS Sports Men's/Boy's Polyester-Polycotton Sportswear Regular Fit Track Suits (HPSTK_P);sports & fitness;4.1;27;₹989;₹2,498
HEAD HCD-338 T-Shirt;sports & fitness;2.8;4;₹629;₹699
KOOKABURRA Adult Kahuna Socks;sports & fitness;4.7;5;;₹219
SEGA Classic Football Shoes by Star Impact Pvt. Ltd.;sports & fitness;3.8;27;;₹700
Reebok Men's Relaxed Pants;sports & fitness;4.0;6;₹1,219;₹1,999
Puma Men's Bermuda Shorts;sports & fitness;4.0;57;₹1,221.14;₹1,799
Nivia Ripple Beach Football (4);sports & fitness;4.5;2;₹1,103;₹1,299
Football Bladder Rubber Made 5 no 2 Pieces Combo;sports & fitness;3.3;6;₹339;₹599
Lycan Men's Casual Sports Quick Dry Workout Running or Gym Training Short with Zipper Pockets # 6 Color;sports & fitness;3.4;61;₹399;₹899
Puma Men Sweatshirt;sports & fitness;3.7;39;₹1,259;₹2,499
SHAUN Women Free Size (Waist Size-26-34 inch) Stretchable-Trackpant (Length 37-39 inch_Pack of 3);sports & fitness;3.9;199;₹671;₹999
Reebok Men's Regular Fit T-Shirt;sports & fitness;3.9;36;₹787;₹2,499
FLYNOFF Black Solid Ns Lycra Tailored Fit Ankle Length Men's Pant;sports & fitness;4.0;1;₹549;₹1,399
Diverse Men Front Zipper Full Sleeve Sweatshirt;sports & fitness;3.7;85;₹464.62;₹1,999
VIMAL JONNEY Cotton Blend Night Suit Co-ord Set for Men with Hodded Full Sleeve T-Shirt and Track Pant-VJ-MNS-TTP-GROUP17;sports & fitness;3.4;26;₹699;₹1,898
ados Men's Outdoor Quick Dry Light Weight Sports Shorts Zipper Pockets Stretchable Knee Length Half Tights with Pocket Spo...;sports & fitness;5.0;1;₹690;₹1,299
Jack & Jones Men's Regular Casual Pants;sports & fitness;4.5;9;₹1,050;₹3,499
DAMENSCH Men’s Regular Fit Ottoman Joggers | Stylish Joggers for Casual Wear;sports & fitness;4.5;42;;₹2,490
JUGULAR Men's Cotton Velvet Hooded Neck Hoodies;sports & fitness;3.9;80;₹475;₹888
VIMAL JONNEY Men's Regular Fit Trackpants (Pack of 3);sports & fitness;3.8;108;₹949;₹2,700
Alan Jones Clothing Cotton Blend Track Suit For Womens;sports & fitness;4.0;20;₹899;₹2,999
CW Men CLASSICE Cricket Sweater Winter Woolen White V Neck Sweatshirt Full Sleeve/Without Sleeve Sweater;sports & fitness;1.0;1;₹1,699;₹1,899
Colt by Unlimited Mens Full Length Regular fit Track Pants (CLMETRK10030G05_Charcoal Melang_L);sports & fitness;4.0;5;₹395;₹599
Aeoss Women's Vintage Winter Wool Warm Comfort Cozy Crew Socks (3 PAIR);sports & fitness;4.4;40;₹599;₹999
Trendy Dukaan Track Pant for Boys & Girls/Kids Smart Joggers;sports & fitness;4.0;65;₹1,375;₹2,999
Splash Women�s Thermal Winter Wear Sleeveless Top | Thermal Camisole for Women/Girls - 175C Stripes;sports & fitness;3.7;151;;₹300
Sapphire Rubber Flat Agility Dot Marker (Pack of 10) Multi-Color;sports & fitness;4.7;5;₹607;₹999
MARK LEUTE Men's Regular Fit Trackpants;sports & fitness;4.2;140;₹749;₹1,180
Men's Sports Track Pants Gym Workout Lower with Pocket Regular Track Pants with Button Closure;sports & fitness;4.5;2;₹499;₹799
Shredded Prophysique SS Master Sports cricket Socks (Pack of 1);sports & fitness;3.3;3;₹299;₹399
Jack & Jones Men's Regular Track Pants;sports & fitness;5.0;1;;₹1,199
PROXIMA Men's Track Pant;sports & fitness;3.8;13;₹499;₹1,299
VERO MODA Women's Cotton Round Neck Sweatshirt;sports & fitness;5.0;1;₹599;₹1,999
JUNEBERRY Women's Cotton Round Neck Sweatshirt;sports & fitness;3.8;163;₹459;₹1,999
BODYCARE Solid Men Sleeveless Thermal Top (White);sports & fitness;4.3;47;;₹475
Dpassion NS Lycra Regular fit Track Pant for Men | Track Pant for Men Sports | Lower for Men | Running Track Pant for Men;sports & fitness;3.5;826;₹489;₹999
Puma Men Shorts;sports & fitness;4.1;67;₹799;₹1,799
Van Heusen Academy Men Sweatshirt;sports & fitness;5.0;5;₹939;₹1,799
VIMAL JONNEY Men's Cotton Trackpants (Pack of 2);sports & fitness;3.5;166;₹799;₹2,800
Sleepynuts Regular Fit Terry Cotton Plain Shorts for Men;sports & fitness;5.0;1;₹661;₹1,099
Amazon Brand - House & Shields Men Sweatshirt;sports & fitness;3.0;2;₹719;₹2,099
Cotton colors Women's Classic Track Pants-Pack of 2;sports & fitness;3.8;68;₹982;₹1,398
Reebok Men's Regular Pants;sports & fitness;3.6;5;₹909;₹1,599
QUADA Cotton Men's Solid Knee Length Socks for Hockey/Soccer;sports & fitness;4.5;8;₹296;₹699
Fruit of the Loom Men's Athletic Track Pants;sports & fitness;3.8;49;;₹1,299
Teewink Latest & Stylish Goku Legacy Tricolor Anime Design Printed Unisex Hoodie | Pullover Sweatshirts for Men & Women;sports & fitness;5.0;1;₹799;₹1,999
BODYSPORTS Football JERSEY-12;sports & fitness;5.0;2;₹349;₹599
Black & White Football (1 Football) with || Pump Free || Material: Rubber (SIZE-02);sports & fitness;2.2;6;₹330;₹1,199
Puma Mens Track Suit;sports & fitness;3.1;5;₹2,649;₹4,999
UZARUS Men's Cotton Joggers Track Pants with 2 Zippered Pockets;sports & fitness;3.9;19;₹679;₹2,999
Shiv Naresh Men's Regular Fit Track pants(BKSP09_38_Black_38);sports & fitness;4.0;68;₹730;₹750
JUST RIDER Men's Compression Sports Shorts Half Tights Black;sports & fitness;4.2;7;₹248;₹799
BE SAVAGE BTS Sweat-Shirts for Girls and Women;sports & fitness;3.9;102;₹569;₹999
The Souled Store Women Tie Dye: Rainbow Multicolored Solid Joggers;sports & fitness;4.7;8;₹980;₹1,999
Adidas Unisex-Adult X 22.3 Fg Football Shoe;sports & fitness;3.5;21;₹5,515;₹6,999
NEVA Premium Ladies 3/4TH Sleeves Thermal Inner;sports & fitness;4.1;21;₹479;₹499
MG Brand Bts Bangatan Boys kpop Fan Art unisex Cotton hoodie & trackpant tracksuit combo pack of 1 for boys kids men women...;sports & fitness;3.6;52;₹1,499;₹2,999
POWERHAWKE Men's Regular Fit Trackpants;sports & fitness;3.6;67;₹599;₹1,199
Vector X Thunder-2.0 Football Shoes for Men's (Silver-Orange) (Size-6);sports & fitness;2.9;8;;₹799
Puma Men Sweatshirt;sports & fitness;1.0;1;₹1,799;₹4,499
Alan Jones Clothing Boys Solid Cotton Joggers Track Pant;sports & fitness;3.8;45;₹424;₹1,199
I&SONI Men's Ns Lycra Track Suit- Fitness Exercise Men’s Gym Training Sportswear Winter Tracksuit;sports & fitness;3.6;125;₹1,899;₹4,999
Tripr Printed Men Track Pants;sports & fitness;3.0;2;₹249;₹1,999
Boys|Girls Body Warmer Thermal Winter Wear (Top + Bottom) Multi-Color(Set of 3);sports & fitness;4.3;15;₹725;₹999
United Colors of Benetton Boys Cotton Hooded Neck Hoodies;sports & fitness;4.1;184;₹1,599;₹1,999
Amazon Brand - Symactive Women's Relaxed Track Pants;sports & fitness;3.9;256;₹649;₹2,199
Allen Solly Women Sweatshirt;sports & fitness;5.0;1;₹832;₹1,699
T2F Boys Regular Fit Pyjama Bottom(BYSTRK07-3P_Black-Blue-Grey_11 Years-12 Years);sports & fitness;3.7;92;₹549;₹1,200
NEVA ESANCIA Women Warm Thermal Wear Set for Winter Top & Bottom Wear;sports & fitness;4.4;23;₹1,180;₹1,275
Red Tape Men Sweatshirt;sports & fitness;3.5;17;₹799;₹3,199
2MGL Men Sport Compression Short Tight ruuning Yoga Exercise Fitness Tight Pack of 1 Black;sports & fitness;3.1;3;₹155;₹555
Qiddo Sports Girls' Shorts;sports & fitness;4.0;65;₹520;₹650
Nishaj Women's Portable Tool Cotton Clothing Accessories Anti Slip Five Finger Yoga & Gym Ankle Length Socks with No Fall ...;sports & fitness;3.7;39;₹299;₹599
Max Boys Sweatshirt;sports & fitness;3.0;1;₹489;₹849
Charged Active-001 Camo Jacquard Round Neck Sports T-Shirt Scuba Size Xs And Charged Play-005 Interlock Knit Geomatric Emb...;sports & fitness;5.0;1;;
GRECIILOOKS Women Gym Shorts;sports & fitness;4.7;14;₹298;₹2,299
Octave Men Lilac-Colored Grey Colorblocked Tracksuits;sports & fitness;3.9;4;;₹3,499
FUGAZEE Men's Peach Tie & Dye Oversized Sweatshirt & Jogger Combo Set With Matching Socks;sports & fitness;5.0;1;₹2,099;₹2,999
VOI Jeans Men's Blue Front Zip Spead Collar Sweatshirt-VOSS1012-Sweatshirt;sports & fitness;5.0;1;₹4,236.97;₹4,299
Yonex Junior T-Shirt & Shorts Combo Pack J1593 |Badminton|Tennis|Squash;sports & fitness;3.0;1;₹1,742;₹2,180
U.S. POLO ASSN. Men's Regular Track Pants;sports & fitness;2.4;10;₹1,025;₹2,499
CHEROKEE KIDS Girl's Track Pants;sports & fitness;3.9;41;₹189;₹769
NEVA ESANCIA Women Winter Wear Thermal Legging;sports & fitness;3.8;27;;₹549
Reebok Men Sweatshirt;sports & fitness;3.4;6;₹1,089;₹1,899
Dowin Front Open Thermal Baby Suit for Winters;sports & fitness;4.3;172;₹857;₹1,797
THE BLAZZE Women's Basic Sexy Sleeveless Tank Top Crop Top;sports & fitness;3.1;3;₹199;₹399
Alfa Women's High Neck Full Sleeves Thermal Top | Winter wear Top;sports & fitness;4.0;1;₹467;₹1,299
Bumchums Men Track Pants;sports & fitness;3.0;9;₹637;₹700
Puma Men Sportstyle Core;sports & fitness;5.0;4;₹2,049;₹4,499
MRB Men Track Pant Black Regular;sports & fitness;2.8;7;₹179;₹599
Fabricorn Women's Fleece Round Neck Jacket;sports & fitness;3.7;256;₹568;₹1,199
Rupa Thermocot Men's Cotton Thermal Set;sports & fitness;3.9;512;;₹714
Nike Unisex-Child Jr Legend 8 Club Fg/Mg Football Shoes;sports & fitness;4.4;173;₹2,664;₹3,695
Jack & Jones Men Track Pants;sports & fitness;3.6;4;₹700;₹1,999
THE BLAZZE Women's Sleeveless Loose Fit Racerback Yoga Workout Tank Top;sports & fitness;5.0;1;₹299;₹599
THE BLAZZE Men's Sleeveless T-Shirt Tank Top Gym Tank Stringer Vest for Men;sports & fitness;3.2;18;₹299;₹499
Jack & Jones Men Track Pants;sports & fitness;3.4;24;₹909;₹1,299
NYAMAH SALES Elastic Women Ankle Length Socks Transparent Ultra Thin Mesh for Women Lady Girls Multi-Design Multicolor Pac...;sports & fitness;5.0;1;₹344;₹899
SHAUN Women's Cotton Track Pants (Pack of 3);sports & fitness;4.0;58;₹799;₹1,999
Veirdo® Cotton Fleece Regular Fit Hooded Sweatshirt Full Sleeves Graphic Printed Jumper Sweatshirt Winter Wear for Men;sports & fitness;4.6;15;₹789;₹1,999
Enamor Women's Slim Fit Thermal Top;sports & fitness;3.7;41;₹796;₹899
MANQ Men's Slim Fit Joggers;sports & fitness;3.8;384;₹489;₹1,399
NETCLICK® Cotton Track Pants Jogger Regular Fit for Men Track Pant Lower Sport Wear with Zipper Pockets;sports & fitness;3.7;347;₹499;₹999
kiddeo Boys Sweartshirts(Navy)(Pack of 1);sports & fitness;3.2;7;₹299;₹1,499
John Ally Men's Gym & Sports Trackpant with Two Zipper Pockets.;sports & fitness;4.5;11;₹699;₹1,699
Bodycare Girls Thermal Sets Round Neck Full Sleeves Pack Of 1;sports & fitness;3.6;5;;₹929
Adidas Edge.3 Tf Football Shoe;sports & fitness;1.0;1;₹4,199;₹6,999
SHAUN Women Trackpant (642W1_P$_Pack of 1);sports & fitness;3.5;20;₹299;₹999
ZIMFIT Kids Thermal Winter Wear for Girls and Boys Round Neck Full Sleeve Top and Lower Set in Dark Grey;sports & fitness;4.1;39;₹399;₹999
SHAUN Men's Regular Fit Pants;sports & fitness;3.8;621;₹999;₹1,999
Heatuff Women's Winter Wool Socks Warm Soft Full Cushion Crew Socks (5 Pairs);sports & fitness;4.5;442;₹1,299;₹1,999
ADBUCKS Women's Cotton Hooded Hoodie;sports & fitness;3.7;899;₹758;₹1,499
Nike Men's' Solid Regular Short Sleeve TOP (668849-481_Royal Blue Small);sports & fitness;3.6;3;₹989;₹1,895
JAGURO Men's Polyester Slimfit Solid Cargo Track-Pant;sports & fitness;2.6;5;₹890;₹2,299
Urbano Fashion Men's Slim Fit Trackpants;sports & fitness;3.4;81;₹549;₹1,399
Adidas Men Shorts;sports & fitness;3.3;6;₹974;₹1,499
ZIA TEX Track Pant for Men;sports & fitness;3.3;9;₹299;₹1,499
SHAUN Women Trackpant (631NWTP3_$4P_Pack of 3);sports & fitness;5.0;1;₹899;₹1,999
Puma Men's Boxer Shorts (58574912_Elektro Blue_L);sports & fitness;3.5;7;₹629;₹1,999
NETTLE Men's Regular fit Cotton Track Pants Black - Lower for Men;sports & fitness;4.4;3;₹399;₹999
SYN6 PU Professional FIFA Hand Stitch Football (SS6500);sports & fitness;4.7;3;₹659;₹1,415
Fruit of the Loom Men's snug fit Thermal Bottom;sports & fitness;3.5;10;₹559;₹709
checkersbay Womens Loopknitted Track Suits;sports & fitness;3.6;221;₹931;₹2,598
Allen Solly Women Track Pants;sports & fitness;5.0;1;₹989;₹1,699
JUST BEYOND KIDS Girl's Flower Print Cotton Hooded Sweatshirt with Zipper Full Sleeves Stylish Comfortable Winter Wear;sports & fitness;3.5;2;₹949;₹1,499
Rupa Thermocot Men's Cotton Thermal Set;sports & fitness;4.0;176;₹711;₹714
Safana Women's Sweatshirt;sports & fitness;3.4;12;₹549;₹2,099
Vector X Pair of Basic Kneepad (Black) (Small);sports & fitness;3.7;7;₹373;₹390
VIMAL JONNEY Women's Regular Fit Track pants;sports & fitness;3.8;144;₹449;₹899
Monte Carlo Women Green Cotton Blend Printed Sweatshirt 221049693-1;sports & fitness;4.4;4;₹822;₹1,495
SAS SPORTS Agility Training C-Shape Passing Arcs for improve passing game made of heavy duty plastic spikes -Set of 5 (siz...;sports & fitness;4.0;20;;₹1,335
Alan Jones Clothing Boys Cotton Blend Hooded Neck Hoodies;sports & fitness;4.3;11;₹699;₹1,599
Puma Men's Regular Track Pants;sports & fitness;4.5;37;₹2,679;₹4,499
Jack & Jones Textured Cotton Regular Fit Mens Sweatshirt;sports & fitness;1.0;1;₹1,400;₹3,499
Fllik Seamless Boyshort Shorties/Yoga Shorts/Running Shorts/Cycling Shorts/Gym Shorts/Under Skirt Under Dress Shorts for W...;sports & fitness;3.1;19;₹399;₹499
Cherokee by Unlimited Boys Sweatshirt;sports & fitness;3.9;40;₹439;₹1,099
Splash Women's Thermal Winter Wear Set - Sleeveless Thermal Spaghetti Top & Lower;sports & fitness;3.3;10;;₹730
Harpa Women's Regular Track Pant;sports & fitness;3.5;20;₹769;₹1,999
SAPPHIRE Reversible Bibs (Pack of 6)(Small);sports & fitness;2.0;1;₹799;₹999
Fila Men Sweatshirt;sports & fitness;5.0;3;₹874;₹2,499
Ayushicreationa Women's And Girls Cotton Ankle Length Socks Summer Cute Fashion Multi-Design Multicolor Ladies Socks Free ...;sports & fitness;3.4;9;₹265;₹699
Reebok Men Sweatshirt;sports & fitness;2.0;1;₹1,589;₹2,599
Axpro Black Ronaldo Synthetic TPU Studs Football Shoes for Men;sports & fitness;3.5;37;₹845;₹1,800
Splash Women's Thermal Winter Wear Camisole Top| Sleeveless Thermal Spaghetti Top for Women/Girls - 175 Stripes;sports & fitness;3.3;41;;₹300
KART BLACK Plus Size Track Pants for Men | Plain Track Pant | Casual Fit Comfortable Track Pant;sports & fitness;1.0;1;₹499;₹1,300
FATTAHKAISER Men Track Pants Casual |Pack of 2 | Track Pants for Men Sports | Men Track Pant Cotton |Joggers Gym Pants for...;sports & fitness;3.0;20;₹499;₹800
Tshirt Makers Unicorn Winter Cotton Women Sweat Shirt;sports & fitness;4.2;17;;
Van Heusen Flex Men Track Pants;sports & fitness;4.0;2;₹1,389;₹2,499
MRB Men's Regular Fit Poly Cotton Trackpants (TRENDY TRACK PANT (CUP)(38)1 BL.MELANGE_Charcoal Grey_38);sports & fitness;2.6;3;₹179;₹599
Reebok Men's Regular Pants;sports & fitness;3.7;18;₹909;₹1,599
UZARUS Men's Solid V-Neck Thermal TOP;sports & fitness;3.9;299;₹349;₹1,499
Lyra Women's Track Pants;sports & fitness;3.9;52;₹624;₹725
DEVOK Men's Solid Stretchable Smart fit Gym Lower/Jogger Pants/Track Pants/Pajama.;sports & fitness;3.8;11;₹339;₹999
Armon Football 5 Size with Pump Free;sports & fitness;5.0;2;₹429;₹899
REGALIA PROCOT Womens Tights Shorts Underskirts Cycling Shorts for Yoga Running Gym Sleepwear Beachwear 4 Way Stretchable ...;sports & fitness;4.7;7;₹499;₹999
Yonex Badminton Mens Cut& Sew Polo T-Shirt 851;sports & fitness;5.0;2;;₹1,290
Fort Worth Men's 4 Pack Gym Workout Shorts Quick Dry Bodybuilding Weightlifting Pants Training Running Jogger with Pockets;sports & fitness;5.0;2;₹799;₹1,999
AADHAR Men's Regular Fit Cotton Blend Track Pant;sports & fitness;3.2;147;₹649;₹1,999
Amazon Brand - Jam & Honey Unisex-Child Kids Thermal Bottoms (JH-AW21-THBOT_Multi 4_5-6 Years);sports & fitness;4.0;2;₹472;₹1,798
RAR SPORTS World Cup PU Football with Air Pump Size - 5 (Orange & Blue);sports & fitness;2.0;1;₹998;₹2,499
Wearslim® Premium Winter Thermal Bottom Underwear for Men | Ultra Soft Winter Warmer Inner Wear Johns Pant Lower;sports & fitness;4.2;4;₹399;₹799
Sporto Men's Solid Cotton Modern Slim Fit Gym Track Pants with Zipper Side Pockets;sports & fitness;4.0;3;;₹799
FORCE Boys Cotton Hooded Neck Sweatshirt;sports & fitness;2.7;30;;
Rupa Thermocot Women's Plain/Solid Synthetic Thermal Bottom;sports & fitness;4.0;349;;₹444
Reebok Women's Loose T-Shirts;sports & fitness;5.0;2;₹627.93;₹1,699
BULLMER Trendy Front & Back Printed Fullsleeve Hooded Sweatshirt for Men;sports & fitness;3.0;2;₹299;₹1,999
FURN ASPIRE Double Layered Quick Dry Breathable Sports Gym Workout Running Yoga Dri Fit Shorts for Sports and Casual Wear ...;sports & fitness;4.0;2;₹999;₹1,499
Enamor Athleisure Women's Polyester Blend 4 Way Stretch Quick Dry Antimicrobial Finish Ankle Length Smart Jogger Track Pan...;sports & fitness;4.6;7;;₹1,699
Roods Men Track Pants with 2 Side Zip Chain Pocket Stylish 2 Line in Bottom| Men & Boy Lower Pajama Jogger | Gym Lower | R...;sports & fitness;3.2;7;₹399;₹499
Amazon Brand - Jam & Honey Unisex-Child Kids Thermal Bottoms;sports & fitness;4.3;14;₹812;₹1,798
BODYCARE Unisex-Child Regular Thermal Bottom;sports & fitness;4.1;87;;₹375
STF Army Printed Track Pant for Men || Lower || 6 Pocket || Lycra;sports & fitness;5.0;1;₹599;₹899
MSB SPORTS Black & White Football Size-5 ( 1 Football) with || Pump Free || Material: Rubber;sports & fitness;2.5;7;₹298;₹749
Superman By Kidsville Cotton Boy Sweatshirt;sports & fitness;4.4;114;₹304.10;₹1,499
FUAARK Men's Slim Fit Track Pants;sports & fitness;3.5;38;₹999;₹2,099
RUTE Women's Fleece Black Sleeveless Hooded Sweatshirt with Plus Size with Plus Size (2XS to 10XL);sports & fitness;3.8;116;₹1,399;₹2,099
JUST RIDER Cotton Supporter Jockstrap with Cup Pocket Athletic Fit Brief for Gym and Fitness Pack of 2;sports & fitness;3.4;35;₹289;₹499
Jockey Men's Slim Fit Cotton Blend Joggers (37939_Insignia Blue_M);sports & fitness;4.1;2;;₹1,799
Puma Mens Rapido Iii Tt Football Shoe;sports & fitness;3.5;14;₹2,244;₹2,999
Max Boys Solid Cargo Trousers;sports & fitness;4.0;1;;₹799
VIMAL JONNEY Cotton Multicolor Trackpants for Men(Pack of 2) (DD7MDD7N-P;sports & fitness;4.2;3;₹809;₹1,800
Pepup Sports Super Flat Adjustable Speed Agility Ladder with Free Carry Bag;sports & fitness;4.5;688;;₹249
SPORTSOUL Nylon Tights Compression Half Sleeves Tshirts for Men;sports & fitness;3.0;8;₹799;₹1,199
VIMAL JONNEY Cotton Blend Track suit Co-ord Set For Women-VJ_WNS-082;sports & fitness;1.5;2;₹709;₹1,898
VIMAL JONNEY Boys' Slim Fit Trackpants (Pack of 3) (K1AK1BK1M_03-32A_Multicolored_15-16 Years);sports & fitness;3.8;66;₹757;₹2,700
ISBN Sports Orginal Combo R USSIA 2017 + Russia 2017 Football with AIR Pump Football Kitl Hand Football - Size: 5 (Pack of...;sports & fitness;1.0;1;₹549;₹2,199
MOCA by Monte Carlo Women Sweatshirt;sports & fitness;4.0;10;₹509;₹1,699
VIMAL JONNEY Men's Regular Shorts;sports & fitness;3.5;905;₹349;₹1,099
Rupa Thermocot Men's Thermal Set;sports & fitness;3.9;115;₹837;₹840
Vector X Blaze Football Shoes;sports & fitness;3.4;62;₹769;₹899
Amazon Brand - House & Shields Men Hooded Sweatshirt;sports & fitness;4.0;1,611;₹799;₹2,199
Jockey Women's Tailored Fit Thermal Top;sports & fitness;3.5;27;;₹949
hiker's way Track Pant for Men with Two Side Zipper Pockets – Comfortable & Absorbent;sports & fitness;3.8;363;₹465;₹999
Peter England Men Sweatshirt;sports & fitness;3.0;4;₹909;₹1,399
hotfits Women Self Designed Black Joggers- Side Panel;sports & fitness;3.5;14;₹349;₹499
Raabta Hand Print Sweatshirt;sports & fitness;2.5;38;₹299;₹999
CHKOKKO Women Printed Zipper Full Sleeves Track Suit;sports & fitness;3.9;52;₹499;₹4,999
MattZig Indian Club Football Kit (Football Socks One Pair + Shin Guard One Pair);sports & fitness;3.0;1;₹224;₹599
Usi Universal Muay Thai Black and Green Shorts;sports & fitness;5.0;1;₹1,169;₹1,299
Peter England Men's Regular Fit Track Pants;sports & fitness;3.9;6;₹819;₹1,399
Gini & Jony Boys Blue Track Pant;sports & fitness;3.8;10;₹604;₹1,099
BLUECON Women's High Waist Mid Rise Ankle Length Polyester Track Pants with Side Pockets;sports & fitness;3.5;7;₹449;₹999
ONN Men's Solid Cotton Thermal Top;sports & fitness;3.9;34;₹529;₹530
WZ Stats 32 Panel Hand Stitched Football Size-5 with air Pump;sports & fitness;5.0;1;₹509;₹2,400
Cizen Women's Ankle Length Cotton Socks (Pack of 5) (S0X-NTAW);sports & fitness;5.0;2;₹389;₹999
Fila Men's Regular Pants;sports & fitness;3.0;3;₹999;₹1,999
Adidas Men Shorts;sports & fitness;3.8;23;₹899;₹1,999
Diruno Men's Regular Fit Track Pants;sports & fitness;3.8;88;₹499;₹1,499
VIMAL JONNEY Regualr Fit Cotton Blended White Lounge Shorts/Bermudas for Men-D12-WHT0001-P;sports & fitness;3.0;1;₹349;₹899
Dpassion Men's Regular Fit Nylon T-Shirt And Track Pant Combo (MTP 002 BLK CYN PRMD L_Black And Cyn_L);sports & fitness;3.9;19;₹744;₹1,500
Maxis Mens Cotton Pyjamas Joggers Track Pants Lounge Pants Athleisure;sports & fitness;3.5;64;₹399;₹699
VIMAL JONNEY Boy's Slim Fit Trackpants (Pack of 2);sports & fitness;3.5;83;₹599;₹1,800
Puma Men's Relaxed Track Pants;sports & fitness;3.9;13;₹1,609;₹2,299
Nike Boys T-Shirt;sports & fitness;5.0;6;₹699;₹1,395
The Modern Soul Men's Tapered Fit Cotton Blend Trackpant;sports & fitness;3.1;17;₹449;₹1,499
U.S. POLO ASSN. Men Sweatshirt;sports & fitness;3.7;16;₹1,399;₹3,499
MG Brand Bts Bangatan Boys kpop Fan Art unisex Cotton hoodie & trackpant tracksuit combo pack of 1 for kids women girl;sports & fitness;4.0;2;₹1,499;₹2,599
WearIndia Unisex Cotton Hooded Hoodies;sports & fitness;3.9;108;₹799;₹2,499
Deniklo Men's Fleece Round Neck Sweatshirt (DKAW9-XXL_Jet Black);sports & fitness;3.4;239;₹529;₹999
Van Heusen Flex Men Track Pants;sports & fitness;3.4;8;₹889;₹1,699
BLUECON Women's Plain Solid Regular Fit Straight Leg Open Bottom Polyester Track Pant/Plazo Pant with Brand Logo;sports & fitness;3.6;13;₹449;₹999
Lucky Roger Men's Sports Shorts;sports & fitness;3.0;1;₹219;₹799
Zafex Hand Stiched Football Size 5 (with Pump New -01) Multicolor;sports & fitness;3.6;16;₹399;₹1,999
adidas Men's Plain Socks (Pack of 3);sports & fitness;3.5;82;₹899;₹999
Body Smith Women Dry Fit Black Shorts Hot Pants;sports & fitness;4.3;11;₹699;₹899
Hind Home Women's Multi Design Transparent Ankle Length Socks (White) - Pack Of 5;sports & fitness;3.5;26;₹199;₹499
Jack & Jones Men Sweatshirt;sports & fitness;5.0;1;;₹4,499
Puma unisex-child Spirit Iii It Jr Football Shoe;sports & fitness;3.8;46;₹1,416;₹2,999
FAIQA Thermal Wear Top Pajama Set for Boys Girls Kids Baby (Multicolor) (Pack of 2);sports & fitness;2.8;20;₹674;₹999
Adidas Men's Tracksuit;sports & fitness;3.5;908;₹1,749;₹2,499
Amazon Brand - Symbol Women's Cotton Blend Hooded Neck Hoodies;sports & fitness;4.2;1,142;₹418;₹1,999
Puma Men Track Pants;sports & fitness;5.0;1;₹1,679;₹3,999
Hitmax Micro-21 Football Shoes for Men (Blue);sports & fitness;3.6;12;₹599;₹999
Nike Mens' Shorts;sports & fitness;3.9;16;₹1,574;₹2,995
ME STORES Winter Thermal Without Toe Mix Colour Wool Heavy Duty Warm Ankle Length Socks Women/Girls Winter Socks (Set of 4...;sports & fitness;3.9;6;₹499;₹1,199
Nike Unisex-Child Jr Mercurial Vctry 6 Df NJR Fg Football Shoes;sports & fitness;3.7;31;₹3,974;₹6,495
splash - Women 's Shorts - Plain;sports & fitness;4.1;289;;₹499
JUGULAR Men's Slim Fit Cotton Track Pant;sports & fitness;3.3;276;₹449;₹999
FUGAZEE Men's Black Nylon Zipped Cargo Pocket Trackpant;sports & fitness;3.8;21;₹1,499;₹1,999
mark & jones Women Sports Wear 100% Polyester Lycra Zipper Running/Sports/Yoga/Gym/Training Track Suit For Girls;sports & fitness;3.9;4;₹1,279;₹1,995
Bigbanana Plus Size Men's Regular Fit Trackpants;sports & fitness;3.8;16;₹799;₹1,999
Uni-Exclusive Women Purple Round Neck Solid Full Sleeve Cotton Sweatshirt(UW_borawwhite);sports & fitness;5.0;2;₹579;₹1,599
NEVER LOSE Men's Workout Set Compression Shirt and Pants Top Long Sleeve Sports Tight Base Layer Suit Quick Dry & Moistur...;sports & fitness;3.3;3;₹699;₹999
Macrowoman W-Series Women Thermal 3/4th Sleeve Top;sports & fitness;4.0;28;₹438;₹599
Bewakoof Men's Solid Pink Round Neck Full Sleeve Sweatshirt;sports & fitness;5.0;3;₹764;₹2,399
Austivo Men's Slim Fit TrackPant1580A;sports & fitness;3.5;3;₹499;₹1,899
Puma Women Pullover Sweater;sports & fitness;4.6;6;₹1,069;₹2,499
Veirdo Men's Sports Shorts (SHT_99_CAMO_XL_Multicolored_X-Large);sports & fitness;3.6;348;₹359;₹1,599
Rigo Men Round Neck Terry Track Suit;sports & fitness;3.8;23;₹1,005;₹3,398
U.S. POLO ASSN. Men's Cotton Turtle Neck Sweatshirt;sports & fitness;3.8;11;₹925;₹2,499
Puma Men Sweatshirt;sports & fitness;3.1;9;₹1,439;₹2,999
Proline Men Track Pants;sports & fitness;3.6;2;₹519;₹1,299
U.S. POLO ASSN. Girls Sweatshirts;sports & fitness;5.0;1;₹640;₹1,599
VIMAL JONNEY Girl's Slim Fit Track Pants;sports & fitness;3.7;172;₹349;₹899
Black Panther Unisex Socks_No Show_Assorted Colors_(Pack Of 3);sports & fitness;4.1;27;₹499;₹999
Men Cycling Underwear Shorts Breathable Gel Padded MTB Biking Riding Shorts;sports & fitness;4.7;3;₹2,729;₹5,499
Sprint Sports Men's Regular Chord Lycra Track Pant - The Best Pant for Your Active Lifestyle;sports & fitness;4.0;2;₹695;₹1,649
INDISSH Unisex Cotton Graphic Anime Printed Black Color Sweatshirt;sports & fitness;5.0;1;₹899;₹999
BODYSPORTS.CO Messi Argentina Away World Cup Jersey (40) Multicolour;sports & fitness;4.8;6;₹499;₹799
URBAN ETHNICS Ankle Socks No Show Sock Low-Cut Athletic Men Women Cotton Socks_Free Size_Pack Of 3 Pair;sports & fitness;3.4;16;₹288;₹999
TIGENECY Men's Regular Fit Trousers Trackpants Lower Jogger - Soft Fabric Feel : Pre-Washed;sports & fitness;4.0;4;₹299;₹999
Frenchtrendz Women's Sweatshirt(XS-4XL);sports & fitness;4.0;25;₹980;₹1,200
Joggers And Trackpants Men Track Pants;sports & fitness;3.5;10;₹319;₹1,599
Adidas Regular Fit Women's Tees;sports & fitness;3.5;9;₹1,279;₹1,599
Aatman Premium Eco-Friendly Cotton Harem Pants for Men Combo Pack of 2 | Free Size - 28 to 36 Inches Elasticated Waist;sports & fitness;3.4;24;₹949;₹1,999
STAR THE VISION Fit Track Pant for Men's | Slim Fit Running Gym Stretchable Lycra Pant.;sports & fitness;5.0;2;₹399;₹999
Amazon Brand - Symbol Women's Slim Track Pants;sports & fitness;4.2;112;₹430.49;₹1,899
SPROUTED Men's Active Trouser;sports & fitness;3.4;4;₹369;₹999
MARK LOUIIS Men's Regular Fit Trackpants;sports & fitness;4.1;27;₹749;₹1,045
Qube By Fort Collins Men Sweatshirt;sports & fitness;4.2;1,052;;₹1,699
VIMAL JONNEY Girl's Slim Fit Track Pants;sports & fitness;3.7;172;₹349;₹899
Black Panther Unisex Socks_No Show_Assorted Colors_(Pack Of 3);sports & fitness;4.1;27;₹499;₹999
Men Cycling Underwear Shorts Breathable Gel Padded MTB Biking Riding Shorts;sports & fitness;4.7;3;₹2,729;₹5,499
Sprint Sports Men's Regular Chord Lycra Track Pant - The Best Pant for Your Active Lifestyle;sports & fitness;4.0;2;₹695;₹1,649
LEOTUDE Men's Regular Fit Sweatshirt (Navy Color);sports & fitness;3.7;65;₹499;₹1,599
INDISSH Unisex Cotton Graphic Anime Printed Black Color Sweatshirt;sports & fitness;5.0;1;₹899;₹999
BODYSPORTS.CO Messi Argentina Away World Cup Jersey (40) Multicolour;sports & fitness;4.8;6;₹499;₹799
URBAN ETHNICS Ankle Socks No Show Sock Low-Cut Athletic Men Women Cotton Socks_Free Size_Pack Of 3 Pair;sports & fitness;3.4;16;₹288;₹999
TIGENECY Men's Regular Fit Trousers Trackpants Lower Jogger - Soft Fabric Feel : Pre-Washed;sports & fitness;4.0;4;₹299;₹999
Frenchtrendz Women's Sweatshirt(XS-4XL);sports & fitness;4.0;25;₹980;₹1,200
Joggers And Trackpants Men Track Pants;sports & fitness;3.5;10;₹319;₹1,599
Adidas Regular Fit Women's Tees;sports & fitness;3.5;9;₹1,279;₹1,599
Aatman Premium Eco-Friendly Cotton Harem Pants for Men Combo Pack of 2 | Free Size - 28 to 36 Inches Elasticated Waist;sports & fitness;3.4;24;₹949;₹1,999
STAR THE VISION Fit Track Pant for Men's | Slim Fit Running Gym Stretchable Lycra Pant.;sports & fitness;5.0;2;₹399;₹999
Amazon Brand - Symbol Women's Slim Track Pants;sports & fitness;4.2;112;₹430.49;₹1,899
SPROUTED Men's Active Trouser;sports & fitness;3.4;4;₹369;₹999
N2S NEXT2SKIN Women Regular Length Cotton Socks;sports & fitness;4.5;10;;₹375
Deniklo Men's Fleece Round Neck Sweatshirt (DKAW16-M_Olive);sports & fitness;3.5;131;;₹529
KASGO Boys & Girls Training Shorts;sports & fitness;4.5;8;₹399;₹899
Fox 40 Sonik Blast CMG Orange/Black;sports & fitness;4.6;1,083;₹2,224;₹3,999
FUNDAY FASHION Women's Fleece Hooded Neck Sweatshirt;sports & fitness;2.7;12;₹329;₹1,299
FASHION AND YOUTH Latest and Stylish Naruto Kakashi 2 Anime Design Printed Hooded Hoodies | Unisex Sweatshirts for Men & W...;sports & fitness;2.9;6;₹750;₹1,999
UZARUS Men's Slim Fit Track pants;sports & fitness;3.3;130;₹599;₹2,999
Veirdo 100% Pure Cotton Shorts for Men | Badminton Shorts | Cycling Shorts | Biker Shorts | Swimming Shorts | Gym Shorts -...;sports & fitness;3.9;220;₹399;₹1,599
Vimal Men's Trackpantss;sports & fitness;3.6;221;₹999;₹2,700
Fusefit Boy's Jogger Regular Track Pants;sports & fitness;3.7;24;₹399;₹1,499
Adidas Men's Bermuda Shorts;sports & fitness;4.0;30;₹629;₹1,999
adidas Men's Nemeziz 19.3 Firm Ground Soccer Shoe;sports & fitness;4.8;161;;₹11,679.03
Chromozome Cotton Hybrid Regular Fit Mens Shorts N 1290 L Navy (Pack of 1) (S N 1290 L);sports & fitness;5.0;1;₹649;₹799
Puma Men's Regular Track Pants;sports & fitness;3.8;4;₹1,259;₹3,999
Macrowoman W Series Women Track Pants;sports & fitness;3.6;14;₹379;₹849
TEMPEST Mens Track Suit;sports & fitness;3.4;9;₹1,299;₹1,899
Amazon Brand - House & Shields Men Sweatshirt;sports & fitness;3.9;4;₹729;₹2,099
Alan Jones Clothing Men's Regular Fit Poly Cotton Track Pant;sports & fitness;4.0;56;₹499;₹2,049
Adidas Men Shorts;sports & fitness;3.9;70;₹1,299;₹1,799
Nyamah Sales Socks Winter Warmer Thicken Thermal Wool Snow Socks Soft Velvet Floor Socks for Ladies Girls Women Fully Stre...;sports & fitness;4.1;28;₹202;₹399
NEVA Baby Kids Boys & Girls Winter Thermal Wear Full Sleeves Body Warmer top Pack of 2;sports & fitness;4.3;129;;₹410
Puma Men Sweatshirt;sports & fitness;2.8;5;;
Amazon Brand - Symactive Men's Regular Track Pants;sports & fitness;4.0;140;₹649;₹1,999
Neo Garments Women's Cotton Fashion Hooded Pullover Sweatshirt with Kangaroo Pockets | Puppies – Yellow | Sizes: Small to ...;sports & fitness;2.9;8;₹749;₹999
Shiv Naresh Men's Regular Fit Track pants(BKSP09_42_Black_42);sports & fitness;4.0;129;₹730;₹1,999
EditLook Men's 6 Pocket Slim Fit Denim Blend Cargo Jogger;sports & fitness;2.0;1;₹849;₹1,999
JUSTWIN Swimwear Trunk Shorts;sports & fitness;3.0;1;₹188;₹699
Men's Slim Fit Joggers;sports & fitness;3.6;1,044;₹290;₹999
Looky Wooky Stylish Peach and Goma Couple Sweaters Set of 2 for Husband and Wife | Couple Sweatshirt for Winter | Annivars...;sports & fitness;5.0;1;₹1,399;₹3,600
UNDERLOOP GU Black(Steel Grey) OSWAL/Inner/Thermal Set (TOP and Pajama) for Girls and Boys Pack of 1;sports & fitness;4.2;3;₹467;₹1,399
Allen Solly Women Hooded Sweatshirt;sports & fitness;4.1;6;₹1,399;₹2,299
Y&I Mens Full sleeve cotton blend self design tracksuit;sports & fitness;2.8;8;₹699;₹1,999
STCSPORTS STC Sports Men's Navy Tracksuit Size-40;sports & fitness;3.0;2;₹799;₹2,499
KIFAYATI BAZAR All Over print Lowers For Kids Boys And Girls Pack Of 6;sports & fitness;3.2;1,742;₹499;₹1,099
MUKHAKSH Women/Girls/Ladies Hot/Stylish/Latest/New Dotted Design Skin Colour Ultra Thin Transparent Net Ankle Summer Socks;sports & fitness;4.0;3;₹158;₹599
Dennis Lingo Men's Poly Cotton Regular Fit Solid Sweatshirt - Front Open Zipper Full Sleeve Casual Winter Wear Jacket for Men;sports & fitness;3.4;17;₹625;₹3,281
Puma Men's Regular Trackpant;sports & fitness;5.0;1;₹3,249;₹4,999
Amazon Brand - House & Shields Men Sweatshirt;sports & fitness;3.9;250;₹589;₹2,199
Puma Men's Regular Fit Track Pants;sports & fitness;4.0;1;₹839;₹2,799
CHKOKKO Men's Running Sports Double Layered Shorts with Phone Pocket Darkgrey Black XL;sports & fitness;3.4;19;₹499;₹2,665
Nike Girl's Short (848196-010 Black White_L);sports & fitness;4.5;65;₹779;₹1,495
Goswami Associates Cotton Shorts for Men;sports & fitness;5.0;1;₹381;₹1,499
Puma Men Track Pants;sports & fitness;5.0;1;₹2,469;₹4,999
Qube By Fort Collins Women's Fleece Blouson Sweatshirt;sports & fitness;3.9;758;;
Kids Boys Superman Printed Blue Melange Sweatshirt;sports & fitness;5.0;2;₹679;₹1,499
VIMAL JONNEY Men's Slim Track Pants;sports & fitness;3.5;2;₹599;₹2,697
Vector X OMS-120 Men's Shorts;sports & fitness;1.0;1;₹359;₹1,099
GUIDE Men's Regular Fit Trackpants (Pack of 2);sports & fitness;3.6;9;₹748;₹1,799
Glito Side Stripe Mens/Adults Soccer/Football Set of Jersey & Shorts;sports & fitness;3.5;35;₹719;₹999
Vector X Germany Shinpad (Multicolor);sports & fitness;4.6;3;₹145;₹155
Amazon Brand - Symactive Women's Slim Track Pants;sports & fitness;3.9;105;₹525.81;₹2,199
VIMAL JONNEY Cotton Multicolor Trackpants for Men(Pack of 2) (DD8MDD9B-P;sports & fitness;4.0;1;₹809;₹2,800
Rupa Thermocot Men's Cotton Thermal Top;sports & fitness;4.1;161;₹336.64;₹337
MYYNTI Woman Ankle Socks Small Flower Cotton Socks Breathable and Comfortable for Spring and Summer Multicolor Multi-desig...;sports & fitness;3.0;1;₹324;₹599
Diruno Men's Regular Fit Lycra Track Pants (Pack of 2);sports & fitness;3.3;20;₹1,022.07;₹2,999
Monte Carlo Women Red Cotton Blend Printed Sweatshirt 221049692-1;sports & fitness;5.0;5;₹837;₹1,395
DSOM Men Polyester Compression Sports Shorts Half Tights;sports & fitness;3.7;3;₹149;₹499
BODYCARE Kids Thermal Lower for Boys and Girls Pack of 2 (Charcoal and White);sports & fitness;4.2;48;₹580;₹590
LEWEL Men's Cotton Striped Track Pant - Black;sports & fitness;2.8;12;₹559;₹1,999
Molly & Sue Women Sweatshirt;sports & fitness;2.7;2;₹799;₹2,399
SOUTH TREE Boys Hoodies Or Sweatshirts (Pack of 2);sports & fitness;3.3;5;₹499;₹1,198
Max Girls Printed Elasticated Track Pants - Set of 2;sports & fitness;4.7;4;₹1,279;₹1,599
NytActiv Holographic Glowing Reflective Football Multi-Color Glow Indoor & Outdoor Leather Ball Night Games Glow in Dark;sports & fitness;3.5;32;;
FUGAZEE Men's Stylish Black Slim Fit Cargo Wind Cheater Tracksuit;sports & fitness;5.0;1;₹1,552;₹3,499
V MART Women Printed Poly Cotton Single Jersey Track Pant;sports & fitness;3.4;40;₹529;₹550
Adidas Men Flat(HG2735_White/Black_XL);sports & fitness;4.6;3;₹1,299;₹1,999
KREATIVE Women's Handmade Beautiful Soft Woollen Crochet Knitted Socks (Grey and Red);sports & fitness;3.6;34;₹460;₹1,550
Woomcraft Men's Gym Shorts;sports & fitness;3.7;95;₹369;₹1,199
TRUEREVO Men's Stretch Golf Pants Active Quick Dry Lightweight Flat Front;sports & fitness;3.6;66;₹1,899;₹2,499
LIFE Printed Cotton Round Neck Girls Sweatshirt;sports & fitness;4.8;5;₹399;₹999
Integriti Men's Regular Track Pants (INT-LP-CP703 R/L GRYMBK_S_Grey Melange/Black_S);sports & fitness;5.0;1;₹429;₹1,899
Better Buying Women Polyester Cotton Maroon Striped black White Side full Sleeve Top & Pant Leggings Tracksuit Set for Wom...;sports & fitness;3.0;2;₹598;₹1,899
Puma Men Track Pants;sports & fitness;4.4;37;₹2,278.59;₹4,499
Wear Your Opinion Men's Full Sleeve Printed Fleece Round Neck Sweatshirt (Shiva Tilak);sports & fitness;3.9;191;₹399;₹1,999
Purys Women Sweatshirt;sports & fitness;3.7;7;₹760;₹1,999
Pro Sports Men's Regular Fit Jersey;sports & fitness;4.6;16;₹699;₹999
SHAUN Girls Polyester Blue Tracksuit 89TSGBlue34a 9-10 Years;sports & fitness;4.6;12;₹999;₹1,999
DG Divine Girl Combo Sweatshirt and Long Sleeve Sweatshirt for Girls (Pack of 2);sports & fitness;4.0;24;₹499;₹999
Marks & Spencer Women Socks;sports & fitness;5.0;6;₹689;₹999
MANQ Men's Slim Fit Trackpants;sports & fitness;3.9;64;₹499;₹1,199
Goodtry G Men's Cotton Sweatshirt Pack of 2;sports & fitness;3.8;9;₹774;₹1,999
Campus Sutra Men Sweatshirt;sports & fitness;4.2;4;₹719;₹1,699
JUGULAR Mens Regular Fit Track Pants;sports & fitness;3.4;16;₹399;₹888
Van Heusen Men Hooded Sweatshirt;sports & fitness;3.5;7;₹1,706.04;₹1,999
Various Dots Women's Cotton Round Neck Sweatshirts;sports & fitness;3.7;132;₹629;₹1,099
RUF & TUF Men Pullover Sweater;sports & fitness;4.0;8;;
Yonex Badminton Socks00021SSRED;sports & fitness;4.0;1;₹313;₹349
Van Heusen Sport Men Sweatshirt;sports & fitness;3.7;117;₹989;₹1,899
Puma Women's Slim Track Pants;sports & fitness;3.0;1;₹1,619;₹3,999
FITINC Sports Jogger for Workout & Casual Wear for Men with Two Zip Pockets;sports & fitness;3.9;123;₹617;₹1,499
VIMAL JONNEY Cotton Blended Men's Trackpants(Pack of 2)-Combo_D1ND9B-P;sports & fitness;4.1;12;₹799;₹2,229
ALCiS Men's Synthetic Track Pants;sports & fitness;4.0;16;₹699;₹1,399
VIMAL JONNEY Boy's Slim Fit Track pants(Pack of 3)(K1AK1BK1M_03-32_Multicolored_14-15 Years);sports & fitness;3.9;70;₹757;₹2,700
Uni-Exclusive Women Purple Round Neck Solid Full Sleeve Cotton Sweatshirt(UWtayweirdwhite);sports & fitness;4.1;5;₹579;₹1,599
LARSSST Men Grey Round Neck Printed Full Sleeve Sweatshirt-LrMSWTGREY03;sports & fitness;3.4;5;₹529;₹1,599
Sweet Dreams Women Solid Cotton Rich Sleepwear/Loungewear Pyjamas;sports & fitness;4.6;11;;₹824
BODYSPORTS.CO Man City Away Football Jersey;sports & fitness;3.7;10;₹414;₹799
Bewakoof Olive Camo White Stripe Casual Jogger;sports & fitness;5.0;1;₹500;₹1,499
CHEROKEE KIDS Girl's Track Pants;sports & fitness;4.3;32;₹708;₹709
TS LAVI TAVI Front Open Kids Thermal Top & Pyjama Set for Baby Boys & Baby Girls;sports & fitness;3.9;17;₹469;₹650
Shiv Naresh Men's Regular Fit Trackpants (BLSP10_38_Blue_38);sports & fitness;3.9;144;₹730;₹1,999
